Name,State,Control,Region,Enrollment
Hebrew College,MA,Private,Northeast,1
LIU Brentwood,NY,Private,Northeast,1
Marlboro College Graduate & Professional Studies,VT,Private,Northeast,1
East-West University,WI,Private,Midwest,7
Pacific States University,CA,Private,West,8
Middlebury Institute of International Studies at Monterey,CA,Private,West,13
University of Western States,OR,Private,West,14
America Evangelical University,CA,Private,West,14
California Christian College,CA,Private,West,16
American Islamic College,IL,Private,Midwest,16
Horizon University,IN,Private,Midwest,16
Touro University Nevada,NV,Private,West,18
Mid-South Christian College,TN,Private,Southeast,19
Yeshiva Gedolah Zichron Leyma,NJ,Private,Northeast,21
Austin Graduate School of Theology,TX,Private,West,22
Saint John's Seminary,MA,Private,Northeast,23
Yeshivah Gedolah Rabbinical College,FL,Private,Southeast,24
Yeshiva Zichron Aryeh,NY,Private,Northeast,24
Summit Christian College,NE,Private,Midwest,25
Yeshiva College of the Nations Capital,MD,Private,Northeast,25
LIU Riverhead,NY,Private,Northeast,28
Louisiana State University Health Sciences Center-Shreveport,LA,Public,Southeast,28
Alaska Bible College,AK,Private,West,31
Talmudic College of Florida,FL,Private,Southeast,31
Carolina Christian College,NC,Private,Southeast,32
Yeshiva of Far Rockaway Derech Ayson Rabbinical Seminary,NY,Private,Northeast,33
Tri-State Bible College,OH,Private,Midwest,33
Yeshivath Beth Moshe,PA,Private,Northeast,34
Maple Springs Baptist Bible College and Seminary,MD,Private,Northeast,36
Rabbinical College Telshe,OH,Private,Midwest,37
San Juan Bautista School of Medicine,PR,Private,Territory,37
Bais Medrash Elyon,NY,Private,Northeast,38
Family of Faith Christian University,OK,Private,West,38
Cleveland University-Kansas City,KS,Private,Midwest,39
Bethel College,VA,Private,Southeast,39
Yeshiva Gedola Ohr Yisrael,NY,Private,Northeast,39
Central Yeshiva Beth Joseph,NY,Private,Northeast,40
Mechon L'hoyroa,NY,Private,Northeast,40
Palmer College of Chiropractic,IA,Private,Midwest,41
Antioch University-Midwest,OH,Private,Midwest,41
Presbyterian Theological Seminary in America,CA,Private,West,41
Shasta Bible College and Graduate School,CA,Private,West,42
Heritage Bible College,NC,Private,Southeast,42
Northwestern Health Sciences University,MN,Private,Midwest,43
Atlantic Institute of Oriental Medicine,FL,Private,Southeast,43
Williamson Christian College,TN,Private,Southeast,43
Yeshivas Be'er Yitzchok,NJ,Private,Northeast,43
Yeshiva Bais Aharon,NJ,Private,Northeast,44
Gratz College,PA,Private,Northeast,47
Beth Medrash of Asbury Park,NJ,Private,Northeast,47
Kenrick Glennon Seminary,MO,Private,Midwest,48
Mesivtha Tifereth Jerusalem of America,NY,Private,Northeast,49
California Institute of Integral Studies,CA,Private,West,50
Southern California Seminary,CA,Private,West,51
Messenger College,TX,Private,West,51
South Baylo University,CA,Private,West,53
Mount Angel Seminary,OR,Private,West,53
Pacific Islands University,GU,Private,Territory,53
Bais Medrash Mayan Hatorah,NJ,Private,Northeast,53
Beth Hamedrash Shaarei Yosher Institute,NY,Private,Northeast,54
Birthingway College of Midwifery,OR,Private,West,54
Saint John Vianney College Seminary,FL,Private,Southeast,56
Heritage Christian University,AL,Private,Southeast,59
Talmudical Academy-New Jersey,NJ,Private,Northeast,60
Yeshiva Gedolah of Greater Detroit,MI,Private,Midwest,60
National University of Health Sciences,IL,Private,Midwest,61
Polytechnic University of Puerto Rico-Miami,FL,Private,Southeast,61
California Jazz Conservatory,CA,Private,West,61
International Baptist College and Seminary,AZ,Private,West,62
American Jewish University,CA,Private,West,63
Boston Baptist College,MA,Private,Northeast,63
Catholic Distance University,WV,Private,Southeast,64
Telshe Yeshiva-Chicago,IL,Private,Midwest,65
Divine Word College,IA,Private,Midwest,65
Charlotte Christian College and Theological Seminary,NC,Private,Southeast,65
Yeshiva Yesodei Hatorah,NJ,Private,Northeast,65
Torah Temimah Talmudical Seminary,NY,Private,Northeast,66
Faith Theological Seminary,MD,Private,Northeast,66
Conception Seminary College,MO,Private,Midwest,67
Baptist Missionary Association Theological Seminary,TX,Private,West,67
Virginia International University,VA,Private,Southeast,67
Northeast Catholic College,NH,Private,Northeast,70
Yeshiva D'monsey Rabbinical College,NY,Private,Northeast,70
Kentucky Mountain Bible College,KY,Private,Southeast,75
Allegheny Wesleyan College,OH,Private,Midwest,75
Bais HaMedrash and Mesivta of Baltimore,MD,Private,Northeast,76
Hellenic College-Holy Cross Greek Orthodox School of Theology,MA,Private,Northeast,77
Saint Louis Christian College,MO,Private,Midwest,78
Yeshiva Kollel Tifereth Elizer,NY,Private,Northeast,78
Yeshiva Gedolah Shaarei Shmuel,NJ,Private,Northeast,81
Yeshiva Shaar Hatorah,NY,Private,Northeast,82
Yeshiva Derech Chaim,NY,Private,Northeast,83
New Hope Christian College-Eugene,OR,Private,West,85
Grace Mission University,CA,Private,West,85
Rabbi Jacob Joseph School,NJ,Private,Northeast,86
United States Sports Academy,AL,Private,Southeast,88
Antioch University-Seattle,WA,Private,West,88
VanderCook College of Music,IL,Private,Midwest,90
Thomas More College of Liberal Arts,NH,Private,Northeast,90
Pontifical College Josephinum,OH,Private,Midwest,90
Yeshiva Shaarei Torah of Rockland,NY,Private,Northeast,93
Bet Medrash Gadol Ateret Torah,NY,Private,Northeast,93
Oak Hills Christian College,MN,Private,Midwest,94
John F. Kennedy University,CA,Private,West,96
Logan University,MO,Private,Midwest,98
Webb Institute,NY,Private,Northeast,98
Yeshivas Maharit D'Satmar,NY,Private,Northeast,99
Hebrew Theological College,IL,Private,Midwest,100
City Vision University,MO,Private,Midwest,102
Antioch University-Santa Barbara,CA,Private,West,103
Yeshiva Gedolah Imrei Yosef D'spinka,NY,Private,Northeast,105
Bais Medrash Toras Chesed,NJ,Private,Northeast,105
Lincoln University,CA,Private,West,107
Rush University,IL,Private,Midwest,107
Beis Medrash Heichal Dovid,NY,Private,Northeast,110
Talmudical Yeshiva of Philadelphia,PA,Private,Northeast,114
American Baptist College,TN,Private,Southeast,115
Columbia College of Nursing,WI,Private,Midwest,116
Rabbinical College Ohr Yisroel,NY,Private,Northeast,116
Reformed University,GA,Private,Southeast,117
St. John's College-Department of Nursing,IL,Private,Midwest,118
Pacific Rim Christian University,HI,Private,West,121
Visible Music College,TN,Private,Southeast,123
Polytechnic University of Puerto Rico-Orlando,FL,Private,Southeast,124
Palo Alto University,CA,Private,West,125
Clear Creek Baptist Bible College,KY,Private,Southeast,127
Sterling College,VT,Private,Northeast,127
Boise Bible College,ID,Private,West,128
Great Lakes Christian College,MI,Private,Midwest,129
Sh'or Yoshuv Rabbinical College,NY,Private,Northeast,130
Curtis Institute of Music,PA,Private,Northeast,131
World Mission University,CA,Private,West,132
Holy Apostles College and Seminary,CT,Private,Northeast,133
Antioch College,OH,Private,Midwest,133
New Saint Andrews College,ID,Private,West,134
Compass College of Cinematic Arts,MI,Private,Midwest,134
Mirrer Yeshiva Cent Institute,NY,Private,Northeast,137
The Chicago School of Professional Psychology at Los Angeles,CA,Private,West,138
Faith International University,WA,Private,West,142
Yeshiva Ohr Elchonon Chabad West Coast Talmudical Seminary,CA,Private,West,143
Stevens-Henager College,UT,Private,West,143
University of the West,CA,Private,West,144
Saint Joseph Seminary College,LA,Private,Southeast,146
Nebraska Christian College of Hope International University,NE,Private,Midwest,146
Machzikei Hadath Rabbinical College,NY,Private,Northeast,146
Trinity International University-Florida,FL,Private,Southeast,150
Rabbinical Academy Mesivta Rabbi Chaim Berlin,NY,Private,Northeast,151
Yeshiva Karlin Stolin,NY,Private,Northeast,151
Grace School of Theology,TX,Private,West,151
Ottawa University-Online,KS,Private,Midwest,155
Appalachian Bible College,WV,Private,Southeast,157
Jewish Theological Seminary of America,NY,Private,Northeast,158
Crossroads Bible College,IN,Private,Midwest,158
Kehilath Yakov Rabbinical Seminary,NY,Private,Northeast,159
Arlington Baptist University,TX,Private,West,159
Ottawa University-Milwaukee,WI,Private,Midwest,166
Providence Christian College,CA,Private,West,167
Art Academy of Cincinnati,OH,Private,Midwest,174
Marlboro College,VT,Private,Northeast,176
Goddard College,VT,Private,Northeast,177
Baptist University of the Americas,TX,Private,West,177
Johnson University Florida,FL,Private,Southeast,180
Kuyper College,MI,Private,Midwest,180
Davis College,NY,Private,Northeast,181
Trinity Bible College and Graduate School,ND,Private,Midwest,183
Yeshiva of Nitra Rabbinical College,NY,Private,Northeast,186
Trinity College of Florida,FL,Private,Southeast,188
Pennsylvania Academy of the Fine Arts,PA,Private,Northeast,188
Crowley's Ridge College,AR,Private,Southeast,192
Mid-Atlantic Christian University,NC,Private,Southeast,192
Antioch University-Los Angeles,CA,Private,West,193
Carolina College of Biblical Studies,NC,Private,Southeast,193
MGH Institute of Health Professions,MA,Private,Northeast,195
Bastyr University,WA,Private,West,195
Criswell College,TX,Private,West,196
Veritas Baptist College,IN,Private,Midwest,196
Saint Anthony College of Nursing,IL,Private,Midwest,199
Watkins College of Art Design & Film,TN,Private,Southeast,199
San Francisco Conservatory of Music,CA,Private,West,205
Cleveland Institute of Music,OH,Private,Midwest,212
Trinity College of Nursing & Health Sciences,IL,Private,Midwest,213
Amberton University,TX,Private,West,213
Lakeview College of Nursing,IL,Private,Midwest,215
Calvary University,MO,Private,Midwest,222
Yeshiva Toras Chaim,NJ,Private,Northeast,222
Barclay College,KS,Private,Midwest,224
SUNY Downstate Medical Center,NY,Public,Northeast,225
Central Christian College of the Bible,MO,Private,Midwest,226
Rabbinical College of America,NJ,Private,Northeast,227
Rabbinical College of Ohr Shimon Yisroel,NY,Private,Northeast,227
Dallas Christian College,TX,Private,West,228
Ecclesia College,AR,Private,Southeast,229
Hobe Sound Bible College,FL,Private,Southeast,233
Universidad Pentecostal Mizpa,PR,Private,Territory,233
Carlos Albizu University-Miami,FL,Private,Southeast,236
Herzing University-Brookfield,WI,Private,Midwest,238
Gods Bible School and College,OH,Private,Midwest,239
Upstate Medical University,NY,Public,Northeast,246
Alaska Pacific University,AK,Private,West,247
Welch College,TN,Private,Southeast,248
Mesivta Torah Vodaath Rabbinical Seminary,NY,Private,Northeast,252
Caribbean University-Vega Baja,PR,Private,Territory,253
Pine Manor College,MA,Private,Northeast,255
Faith Baptist Bible College and Theological Seminary,IA,Private,Midwest,256
Bethesda University,CA,Private,West,257
Pennsylvania College of Art and Design,PA,Private,Northeast,257
Linfield College-Online and Continuing Education,OR,Private,West,258
American Academy of Art,IL,Private,Midwest,260
John Paul the Great Catholic University,CA,Private,West,260
Southern California Institute of Architecture,CA,Private,West,262
Martin University,IN,Private,Midwest,262
Rabbinical Seminary of America,NY,Private,Northeast,263
Ner Israel Rabbinical College,MD,Private,Northeast,265
Carlos Albizu University-San Juan,PR,Private,Territory,267
Remington College-Heathrow Campus,FL,Private,Southeast,267
Baptist Bible College,MO,Private,Midwest,268
Blessing Rieman College of Nursing and Health Sciences,IL,Private,Midwest,272
Universidad Teologica del Caribe,PR,Private,Territory,273
Beulah Heights University,GA,Private,Southeast,276
Herzing University-Kenosha,WI,Private,Midwest,276
Memphis College of Art,TN,Private,Southeast,277
Sweet Briar College,VA,Private,Southeast,281
Manhattan Christian College,KS,Private,Midwest,282
Marygrove College,MI,Private,Midwest,283
San Francisco Art Institute,CA,Private,West,296
Randall University,OK,Private,West,300
Medical University of South Carolina,SC,Public,Southeast,303
Rabbinical College Bobover Yeshiva Bnei Zion,NY,Private,Northeast,305
New York School of Interior Design,NY,Private,Northeast,307
New Hampshire Institute of Art,NH,Private,Northeast,307
Silver Lake College of the Holy Family,WI,Private,Midwest,309
Luther Rice College & Seminary,GA,Private,Southeast,311
Whitworth University-Adult Degree Programs,WA,Private,West,314
Judson College,AL,Private,Southeast,315
Boston Architectural College,MA,Private,Northeast,318
Humphreys University-Stockton and Modesto Campuses,CA,Private,West,319
Maharishi University of Management,IA,Private,Midwest,320
The University of Texas MD Anderson Cancer Center,TX,Public,West,321
Amridge University,AL,Private,Southeast,322
St. John's College,NM,Private,West,322
Bryn Athyn College of the New Church,PA,Private,Northeast,323
Northpoint Bible College,MA,Private,Northeast,323
Elizabethtown College School of Continuing and Professional Studies,PA,Private,Northeast,328
Ottawa University-Phoenix,AZ,Private,West,329
Allen College,IA,Private,Midwest,329
Institute of American Indian and Alaska Native Culture and Arts Development,NM,Public,West,329
Parker University,TX,Private,West,330
North American University,TX,Private,West,333
Ottawa University-Kansas City,KS,Private,Midwest,334
Trinity Baptist College,FL,Private,Southeast,335
Piedmont International University,NC,Private,Southeast,336
College of the Atlantic,ME,Private,Northeast,339
The University of Tennessee Health Science Center,TN,Public,Southeast,339
University of Puerto Rico-Medical Sciences,PR,Public,Territory,341
Linfield College-School of Nursing,OR,Private,West,344
Averett University-Non-Traditional Programs,VA,Private,Southeast,344
Franklin W Olin College of Engineering,MA,Private,Northeast,345
Pennsylvania State University-Penn State Shenango,PA,Public,Northeast,345
Beacon College,FL,Private,Southeast,348
Prescott College,AZ,Private,West,350
Caribbean University-Carolina,PR,Private,Territory,350
Bellin College,WI,Private,Midwest,354
Dewey University-Hato Rey,PR,Private,Territory,355
Paine College,GA,Private,Southeast,357
Montserrat College of Art,MA,Private,Northeast,359
Finlandia University,MI,Private,Midwest,365
Trine University-Regional/Non-Traditional Campuses,IN,Private,Midwest,368
Thomas Aquinas College,CA,Private,West,369
Moore College of Art and Design,PA,Private,Northeast,373
Multnomah University,OR,Private,West,383
Naropa University,CO,Private,West,384
The Baptist College of Florida,FL,Private,Southeast,397
Warner Pacific University,OR,Private,West,398
The King's University,TX,Private,West,398
Saint Francis Medical Center College of Nursing,IL,Private,Midwest,400
Pennsylvania State University-Penn State Wilkes-Barre,PA,Public,Northeast,404
Southeastern Baptist Theological Seminary,NC,Private,Southeast,406
Talmudical Seminary of Bobov,NY,Private,Northeast,406
Warner Pacific University Professional and Graduate Studies,OR,Private,West,408
Bennett College,NC,Private,Southeast,409
Pacific Northwest College of Art,OR,Private,West,409
Soka University of America,CA,Private,West,412
The New England Conservatory of Music,MA,Private,Northeast,413
Yeshiva of Machzikai Hadas,NY,Private,Northeast,413
University of Arizona-South,AZ,Public,West,415
Golden Gate University-San Francisco,CA,Private,West,416
Flagler College-Tallahassee,FL,Private,Southeast,416
Conservatory of Music of Puerto Rico,PR,Public,Territory,416
Midwestern Baptist Theological Seminary,MO,Private,Midwest,417
College of Biblical Studies-Houston,TX,Private,West,420
Capitol Technology University,MD,Private,Northeast,421
Ohio Valley University,WV,Private,Southeast,424
Pillar College,NJ,Private,Northeast,427
York College,NE,Private,Midwest,428
East-West University,IL,Private,Midwest,430
Sierra Nevada College,NV,Private,West,433
Lincoln Christian University,IL,Private,Midwest,440
Sentara College of Health Sciences,VA,Private,Southeast,440
Principia College,IL,Private,Midwest,447
St. Louis College of Pharmacy,MO,Private,Midwest,448
Williams Baptist University,AR,Private,Southeast,452
Columbia College Hollywood,CA,Private,West,453
Central Yeshiva Tomchei Tmimim Lubavitz,NY,Private,Northeast,453
Maine College of Art,ME,Private,Northeast,456
St. John's College,MD,Private,Northeast,458
University of Minnesota-Rochester,MN,Public,Midwest,459
Brewton-Parker College,GA,Private,Southeast,465
Pacific Oaks College,CA,Private,West,467
American University of Puerto Rico,PR,Private,Territory,469
Voorhees College,SC,Private,Southeast,475
Harrisburg University of Science and Technology,PA,Private,Northeast,476
Kentucky Christian University,KY,Private,Southeast,477
Bon Secours Memorial College of Nursing,VA,Private,Southeast,477
Saint Luke's College of Health Sciences,MO,Private,Midwest,478
Wells College,NY,Private,Northeast,482
Oakland City University,IN,Private,Midwest,484
The Juilliard School,NY,Private,Northeast,486
Manhattan School of Music,NY,Private,Northeast,488
Pennsylvania State University-Penn State Greater Allegheny,PA,Public,Northeast,488
Life Pacific College,CA,Private,West,489
Columbia International University,SC,Private,Southeast,491
Escuela de Artes Plasticas y Diseno de Puerto Rico,PR,Public,Territory,497
Clarks Summit University,PA,Private,Northeast,498
Wesleyan College,GA,Private,Southeast,501
University of Wisconsin-Milwaukee Flex,WI,Public,Midwest,501
Bethel College-North Newton,KS,Private,Midwest,503
Roseman University of Health Sciences,NV,Private,West,505
University of the Southwest,NM,Private,West,509
Touro University Worldwide,CA,Private,West,509
Be'er Yaakov Talmudic Seminary,NY,Private,Northeast,510
Hult International Business School,MA,Private,Northeast,512
SUM Bible College and Theological Seminary,CA,Private,West,512
Paul Quinn College,TX,Private,West,515
Yeshivath Viznitz,NY,Private,Northeast,517
Cleary University,MI,Private,Midwest,519
MacMurray College,IL,Private,Midwest,521
University of Maine at Machias,ME,Public,Northeast,522
Bethany Lutheran College,MN,Private,Midwest,523
Centenary College of Louisiana,LA,Private,Southeast,525
The King's College,NY,Private,Northeast,533
Cincinnati Christian University,OH,Private,Midwest,547
Urbana University,OH,Private,Midwest,548
Bryan College of Health Sciences,NE,Private,Midwest,552
Blackburn College,IL,Private,Midwest,554
Holy Cross College,IN,Private,Midwest,554
Pontifical Catholic University of Puerto Rico-Arecibo,PR,Private,Territory,558
Mount Marty College,SD,Private,Midwest,566
Barnes-Jewish College Goldfarb School of Nursing,MO,Private,Midwest,569
Northwest Christian University,OR,Private,West,571
Pennsylvania State University-Penn State New Kensington,PA,Public,Northeast,573
Erskine College,SC,Private,Southeast,575
Ozark Christian College,MO,Private,Midwest,577
Defiance College,OH,Private,Midwest,581
Warren Wilson College,NC,Private,Southeast,582
Calumet College of Saint Joseph,IN,Private,Midwest,585
Blue Mountain College,MS,Private,Southeast,587
Holy Names University,CA,Private,West,589
Allen University,SC,Private,Southeast,590
Doane University-Graduate and Professional Studies,NE,Private,Midwest,592
Herzing University-Atlanta,GA,Private,Southeast,593
Wilberforce University,OH,Private,Midwest,593
Bethany College,WV,Private,Southeast,597
Alice Lloyd College,KY,Private,Southeast,598
Pennsylvania State University-Penn State Beaver,PA,Public,Northeast,598
Iowa Wesleyan University,IA,Private,Midwest,602
Northland College,WI,Private,Midwest,602
Wheelock College,MA,Private,Northeast,603
Eureka College,IL,Private,Midwest,605
Ursuline College,OH,Private,Midwest,607
Rosemont College,PA,Private,Northeast,609
Southwestern Christian University,OK,Private,West,610
Sterling College,KS,Private,Midwest,612
St. Andrews University,NC,Private,Southeast,612
Nazarene Bible College,CO,Private,West,614
Kettering College,OH,Private,Midwest,615
Mitchell College,CT,Private,Northeast,617
University of Connecticut-Avery Point,CT,Public,Northeast,619
Webber International University,FL,Private,Southeast,625
Hollins University,VA,Private,Southeast,628
Cleveland Institute of Art,OH,Private,Midwest,630
Saint Mary-of-the-Woods College,IN,Private,Midwest,631
Tabor College,KS,Private,Midwest,632
Stillman College,AL,Private,Southeast,633
University of Arkansas for Medical Sciences,AR,Public,Southeast,633
Laguna College of Art and Design,CA,Private,West,636
Northwest University-College of Adult and Professional Studies,WA,Private,West,641
American University of Puerto Rico,PR,Private,Territory,646
Apex School of Theology,NC,Private,Southeast,646
Stephens College,MO,Private,Midwest,647
Pennsylvania State University-Penn State Fayette- Eberly,PA,Public,Northeast,649
Randolph College,VA,Private,Southeast,651
Cornish College of the Arts,WA,Private,West,652
Caribbean University-Ponce,PR,Private,Territory,653
San Diego Christian College,CA,Private,West,657
Kansas City Art Institute,MO,Private,Midwest,659
Milwaukee Institute of Art & Design,WI,Private,Midwest,659
Lyon College,AR,Private,Southeast,664
Fisk University,TN,Private,Southeast,664
Brevard College,NC,Private,Southeast,668
University of Valley Forge,PA,Private,Northeast,669
Ottawa University-Ottawa,KS,Private,Midwest,670
Kansas Wesleyan University,KS,Private,Midwest,671
Methodist College,IL,Private,Midwest,675
Minneapolis College of Art and Design,MN,Private,Midwest,675
Central Baptist College,AR,Private,Southeast,676
Mount Mary University,WI,Private,Midwest,676
Clarkson College,NE,Private,Midwest,678
Johnson & Wales University-Online,RI,Private,Northeast,681
Springfield College-School of Professional and Continuing Studies,MA,Private,Northeast,682
Resurrection University,IL,Private,Midwest,683
Maranatha Baptist University,WI,Private,Midwest,686
McPherson College,KS,Private,Midwest,688
Kentucky Wesleyan College,KY,Private,Southeast,688
Eastern Nazarene College,MA,Private,Northeast,693
Wheeling Jesuit University,WV,Private,Southeast,694
Montreat College,NC,Private,Southeast,695
Pennsylvania State University-Penn State Schuylkill,PA,Public,Northeast,695
Arizona Christian University,AZ,Private,West,696
Wilson College,PA,Private,Northeast,697
Pennsylvania State University-Penn State Hazleton,PA,Public,Northeast,699
Unity College,ME,Private,Northeast,700
Bluffton University,OH,Private,Midwest,703
Simpson University,CA,Private,West,708
The University of Texas Health Science Center at Houston,TX,Public,West,709
Bethany College,KS,Private,Midwest,710
University of New Hampshire at Manchester,NH,Public,Northeast,711
Cheyney University of Pennsylvania,PA,Public,Northeast,722
Menlo College,CA,Private,West,726
Hope International University,CA,Private,West,727
Hilbert College,NY,Private,Northeast,729
Cox College,MO,Private,Midwest,730
Thomas Jefferson University,PA,Private,Northeast,731
The University of Texas Medical Branch,TX,Public,West,733
Thiel College,PA,Private,Northeast,736
Ripon College,WI,Private,Midwest,740
Cambridge College,MA,Private,Northeast,742
Bennington College,VT,Private,Northeast,742
University of Holy Cross,LA,Private,Southeast,743
Morris College,SC,Private,Southeast,743
University of Saint Mary,KS,Private,Midwest,744
Hannibal-LaGrange University,MO,Private,Midwest,744
University of the Ozarks,AR,Private,Southeast,745
Union College,NE,Private,Midwest,747
College of Saint Elizabeth,NJ,Private,Northeast,749
Presentation College,SD,Private,Midwest,749
Trinity International University-Illinois,IL,Private,Midwest,750
Washington Adventist University,MD,Private,Northeast,750
Lake Erie College,OH,Private,Midwest,750
Life University,GA,Private,Southeast,751
Mercy College of Health Sciences,IA,Private,Midwest,755
Mills College,CA,Private,West,757
Clarke University,IA,Private,Midwest,757
Cairn University-Langhorne,PA,Private,Northeast,757
University of Saint Joseph,CT,Private,Northeast,759
Truett McConnell University,GA,Private,Southeast,760
Westminster College,MO,Private,Midwest,764
Paul Smiths College of Arts and Science,NY,Private,Northeast,767
City University of Seattle,WA,Private,West,767
Central Christian College of Kansas,KS,Private,Midwest,768
Boricua College,NY,Private,Northeast,769
Goldey-Beacom College,DE,Private,Northeast,770
Jefferson College of Health Sciences,VA,Private,Southeast,771
Metropolitan College of New York,NY,Private,Northeast,772
Dakota Wesleyan University,SD,Private,Midwest,774
Oregon Health & Science University,OR,Public,West,776
Heritage University,WA,Private,West,778
College of Saint Mary,NE,Private,Midwest,780
Southwestern Adventist University,TX,Private,West,780
Talladega College,AL,Private,Southeast,782
University of Oklahoma-Health Sciences Center,OK,Public,West,786
Tougaloo College,MS,Private,Southeast,789
Davis & Elkins College,WV,Private,Southeast,791
Martin Luther College,MN,Private,Midwest,797
Emmanuel College,GA,Private,Southeast,800
University of Maine at Presque Isle,ME,Public,Northeast,800
Millsaps College,MS,Private,Southeast,801
Milligan College,TN,Private,Southeast,806
Haskell Indian Nations University,KS,Public,Midwest,806
The University of Texas Health Science Center at San Antonio,TX,Public,West,807
Notre Dame of Maryland University,MD,Private,Northeast,808
Johnson University,TN,Private,Southeast,808
Pfeiffer University,NC,Private,Southeast,813
Salem College,NC,Private,Southeast,813
Union Institute & University,OH,Private,Midwest,813
Concordia University-Ann Arbor,MI,Private,Midwest,815
Samuel Merritt University,CA,Private,West,821
Greensboro College,NC,Private,Southeast,821
Pennsylvania State University-Penn State Lehigh Valley,PA,Public,Northeast,823
Thomas College,ME,Private,Northeast,825
Mayville State University,ND,Public,Midwest,825
Wright State University-Lake Campus,OH,Public,Midwest,828
New College of Florida,FL,Public,Southeast,835
Cazenovia College,NY,Private,Northeast,836
Harvey Mudd College,CA,Private,West,844
Martin Methodist College,TN,Private,Southeast,845
University of Nebraska Medical Center,NE,Public,Midwest,849
Toccoa Falls College,GA,Private,Southeast,851
University of Connecticut-Waterbury Campus,CT,Public,Northeast,851
University of Science and Arts of Oklahoma,OK,Public,West,852
Crown College,MN,Private,Midwest,853
Cooper Union for the Advancement of Science and Art,NY,Private,Northeast,854
Goshen College,IN,Private,Midwest,855
Rust College,MS,Private,Southeast,860
Nebraska Methodist College of Nursing & Allied Health,NE,Private,Midwest,861
Jarvis Christian College,TX,Private,West,861
Wabash College,IN,Private,Midwest,862
Le Moyne-Owen College,TN,Private,Southeast,862
University of North Carolina School of the Arts,NC,Public,Southeast,867
The Southern Baptist Theological Seminary,KY,Private,Southeast,873
Fontbonne University,MO,Private,Midwest,874
Bluefield College,VA,Private,Southeast,874
Barton College,NC,Private,Southeast,877
Southern Virginia University,VA,Private,Southeast,877
Mount Carmel College of Nursing,OH,Private,Midwest,878
Walsh College,MI,Private,Midwest,880
Rocky Mountain College,MT,Private,West,884
Albany College of Pharmacy and Health Sciences,NY,Private,Northeast,886
Philander Smith College,AR,Private,Southeast,887
Agnes Scott College,GA,Private,Southeast,890
Bryan College-Dayton,TN,Private,Southeast,892
North Central University,MN,Private,Midwest,893
University of Jamestown,ND,Private,Midwest,896
Quincy University,IL,Private,Midwest,898
Pennsylvania State University-Penn State York,PA,Public,Northeast,899
Elmira College,NY,Private,Northeast,908
Averett University,VA,Private,Southeast,908
Brescia University,KY,Private,Southeast,911
Northwest University,WA,Private,West,911
Converse College,SC,Private,Southeast,916
Oregon State University-Cascades Campus,OR,Public,West,917
University of Maryland Baltimore,MD,Public,Northeast,918
William Woods University,MO,Private,Midwest,919
Howard Payne University,TX,Private,West,919
Lees-McRae College,NC,Private,Southeast,920
Louisiana State University Health Sciences Center-New Orleans,LA,Public,Southeast,921
University of Providence,MT,Private,West,923
Notre Dame de Namur University,CA,Private,West,924
St. Joseph's College-New York,NY,Private,Northeast,924
William Peace University,NC,Private,Southeast,927
Briar Cliff University,IA,Private,Midwest,928
William Jewell College,MO,Private,Midwest,928
Tennessee Wesleyan University,TN,Private,Southeast,928
Marymount California University,CA,Private,West,929
LaGrange College,GA,Private,Southeast,930
Bacone College,OK,Private,West,934
Louisiana College,LA,Private,Southeast,935
Alderson Broaddus University,WV,Private,Southeast,935
The College of Idaho,ID,Private,West,936
Greenville University,IL,Private,Midwest,944
Edward Waters College,FL,Private,Southeast,946
Illinois College,IL,Private,Midwest,947
Presbyterian College,SC,Private,Southeast,947
Huntington University,IN,Private,Midwest,949
United States Merchant Marine Academy,NY,Public,Northeast,954
St. Thomas University,FL,Private,Southeast,958
California Institute of Technology,CA,Private,West,961
Colby-Sawyer College,NH,Private,Northeast,963
Corban University,OR,Private,West,963
Marietta College,OH,Private,Midwest,964
Transylvania University,KY,Private,Southeast,965
Regis College,MA,Private,Northeast,965
Texas College,TX,Private,West,966
Hiram College,OH,Private,Midwest,967
Saint Augustine's University,NC,Private,Southeast,974
Emory & Henry College,VA,Private,Southeast,977
Franklin College,IN,Private,Midwest,978
California Institute of the Arts,CA,Private,West,979
Warner University,FL,Private,Southeast,981
Chatham University,PA,Private,Northeast,981
Wisconsin Lutheran College,WI,Private,Midwest,982
Union College,KY,Private,Southeast,984
Covenant College,GA,Private,Southeast,986
Rochester College,MI,Private,Midwest,987
Midway University,KY,Private,Southeast,989
Pennsylvania State University-Penn State Scranton,PA,Public,Northeast,1003
Cornell College,IA,Private,Midwest,1004
Oklahoma Wesleyan University,OK,Private,West,1006
Monmouth College,IL,Private,Midwest,1010
Valley City State University,ND,Public,Midwest,1010
Lyndon State College,VT,Public,Northeast,1011
Coker College,SC,Private,Southeast,1012
Northwestern College,IA,Private,Midwest,1014
Rockford University,IL,Private,Midwest,1018
Maine Maritime Academy,ME,Public,Northeast,1018
Oklahoma Panhandle State University,OK,Public,West,1020
Young Harris College,GA,Private,Southeast,1021
Woodbury University,CA,Private,West,1023
Columbus College of Art and Design,OH,Private,Midwest,1024
Houghton College,NY,Private,Northeast,1026
Earlham College,IN,Private,Midwest,1027
Trinity Christian College,IL,Private,Midwest,1028
Georgetown College,KY,Private,Southeast,1029
Culver-Stockton College,MO,Private,Midwest,1029
McMurry University,TX,Private,West,1031
Lourdes University,OH,Private,Midwest,1036
University of Maine at Fort Kent,ME,Public,Northeast,1036
Judson University,IL,Private,Midwest,1037
Olivet College,MI,Private,Midwest,1039
United States Coast Guard Academy,CT,Public,Northeast,1044
Hampden-Sydney College,VA,Private,Southeast,1046
California State University Maritime Academy,CA,Public,West,1048
Heidelberg University,OH,Private,Midwest,1049
Loma Linda University,CA,Private,West,1050
Thomas University,GA,Private,Southeast,1050
Baptist Memorial College of Health Sciences,TN,Private,Southeast,1050
Huston-Tillotson University,TX,Private,West,1052
Ave Maria University,FL,Private,Southeast,1052
Otis College of Art and Design,CA,Private,West,1056
Mary Baldwin University,VA,Private,Southeast,1058
Scripps College,CA,Private,West,1059
Central Methodist University-College of Liberal Arts and Sciences,MO,Private,Midwest,1059
Montana State University-Northern,MT,Public,West,1062
Doane University-Arts & Sciences,NE,Private,Midwest,1068
Hodges University,FL,Private,Southeast,1069
Pitzer College,CA,Private,West,1074
Ohio Dominican University,OH,Private,Midwest,1077
Spalding University,KY,Private,Southeast,1080
Hanover College,IN,Private,Midwest,1082
Hastings College,NE,Private,Midwest,1082
Concordia College-New York,NY,Private,Northeast,1086
University of Pikeville,KY,Private,Southeast,1088
Eastern Mennonite University,VA,Private,Southeast,1089
Southwestern College,KS,Private,Midwest,1096
Huntingdon College,AL,Private,Southeast,1099
Newman University,KS,Private,Midwest,1103
Hood College,MD,Private,Northeast,1108
Friends University,KS,Private,Midwest,1110
Gallaudet University,DC,Private,Northeast,1111
St. Thomas Aquinas College,NY,Private,Northeast,1114
Anna Maria College,MA,Private,Northeast,1118
Albertus Magnus College,CT,Private,Northeast,1122
Ferrum College,VA,Private,Southeast,1122
Point University,GA,Private,Southeast,1126
College of Our Lady of the Elms,MA,Private,Northeast,1142
Livingstone College,NC,Private,Southeast,1143
Maryville College,TN,Private,Southeast,1151
Dickinson State University,ND,Public,Midwest,1153
Universidad Adventista de las Antillas,PR,Private,Territory,1162
Wilmington College,OH,Private,Midwest,1167
Franciscan Missionaries of Our Lady University,LA,Private,Southeast,1168
The Master's University and Seminary,CA,Private,West,1171
Florida Memorial University,FL,Private,Southeast,1173
Newberry College,SC,Private,Southeast,1173
Westminster College,PA,Private,Northeast,1174
University of Sioux Falls,SD,Private,Midwest,1174
Caribbean University-Bayamon,PR,Private,Territory,1175
Mount Saint Joseph University,OH,Private,Midwest,1177
Pacific Union College,CA,Private,West,1181
William Penn University,IA,Private,Midwest,1184
Mount Aloysius College,PA,Private,Northeast,1185
Schreiner University,TX,Private,West,1185
William Jessup University,CA,Private,West,1188
Lycoming College,PA,Private,Northeast,1192
Hartwick College,NY,Private,Northeast,1194
Central College,IA,Private,Midwest,1198
Malone University,OH,Private,Midwest,1200
Graceland University-Lamoni,IA,Private,Midwest,1208
Midland University,NE,Private,Midwest,1211
Virginia Union University,VA,Private,Southeast,1211
Austin College,TX,Private,West,1214
University of Alaska Southeast,AK,Public,West,1214
MidAmerica Nazarene University,KS,Private,Midwest,1215
Avila University,MO,Private,Midwest,1229
Oglethorpe University,GA,Private,Southeast,1232
Hendrix College,AR,Private,Southeast,1233
Concordia University-Nebraska,NE,Private,Midwest,1233
University of Connecticut-Hartford Campus,CT,Public,Northeast,1244
Wiley College,TX,Private,West,1246
The University of Virginia's College at Wise,VA,Public,Southeast,1249
Bethel College-Indiana,IN,Private,Midwest,1254
Mars Hill University,NC,Private,Southeast,1255
Manchester University,IN,Private,Midwest,1257
Saint Martin's University,WA,Private,West,1259
Shorter University,GA,Private,Southeast,1264
Hampshire College,MA,Private,Northeast,1264
Northwest Nazarene University,ID,Private,West,1268
University of the Sciences,PA,Private,Northeast,1268
Morningside College,IA,Private,Midwest,1270
Keystone College,PA,Private,Northeast,1274
The Sage Colleges,NY,Private,Northeast,1275
University of Mobile,AL,Private,Southeast,1276
Piedmont College,GA,Private,Southeast,1281
Birmingham Southern College,AL,Private,Southeast,1283
Dominican University of California,CA,Private,West,1284
Cardinal Stritch University,WI,Private,Midwest,1284
Westmont College,CA,Private,West,1285
Southern Wesleyan University,SC,Private,Southeast,1286
Alverno College,WI,Private,Midwest,1289
Dillard University,LA,Private,Southeast,1290
Haverford College,PA,Private,Northeast,1291
Pontifical Catholic University of Puerto Rico-Mayaguez,PR,Private,Territory,1294
University of Pittsburgh-Bradford,PA,Public,Northeast,1296
Roberts Wesleyan College,NY,Private,Northeast,1297
East Texas Baptist University,TX,Private,West,1298
Elizabeth City State University,NC,Public,Southeast,1301
West Virginia Wesleyan College,WV,Private,Southeast,1304
Nichols College,MA,Private,Northeast,1308
Carroll College,MT,Private,West,1309
La Roche University,PA,Private,Northeast,1312
AdventHealth University,FL,Private,Southeast,1316
Chestnut Hill College,PA,Private,Northeast,1317
Northern Vermont University,VT,Public,Northeast,1317
Freed-Hardeman University,TN,Private,Southeast,1319
Our Lady of the Lake University,TX,Private,West,1320
Catawba College,NC,Private,Southeast,1321
Beloit College,WI,Private,Midwest,1324
Glenville State College,WV,Public,Southeast,1326
Bryn Mawr College,PA,Private,Northeast,1328
Missouri Valley College,MO,Private,Midwest,1329
Geneva College,PA,Private,Northeast,1330
Claremont McKenna College,CA,Private,West,1334
American International College,MA,Private,Northeast,1336
Carlow University,PA,Private,Northeast,1339
Knox College,IL,Private,Midwest,1341
Texas Lutheran University,TX,Private,West,1341
Wesley College,DE,Private,Northeast,1342
College for Creative Studies,MI,Private,Midwest,1347
Kentucky State University,KY,Public,Southeast,1349
Coe College,IA,Private,Midwest,1350
Centenary University,NJ,Private,Northeast,1351
Charter Oak State College,CT,Public,Northeast,1352
Dordt College,IA,Private,Midwest,1353
Concordia University-Portland,OR,Private,West,1353
Sarah Lawrence College,NY,Private,Northeast,1355
New Mexico Institute of Mining and Technology,NM,Public,West,1358
Loras College,IA,Private,Midwest,1362
Bluefield State College,WV,Public,Southeast,1363
Massachusetts College of Liberal Arts,MA,Public,Northeast,1364
Pennsylvania State University-Penn State Brandywine,PA,Public,Northeast,1366
Virginia Wesleyan University,VA,Private,Southeast,1369
Juniata College,PA,Private,Northeast,1371
Waynesburg University,PA,Private,Northeast,1371
Spring Hill College,AL,Private,Southeast,1375
Washington & Jefferson College,PA,Private,Northeast,1378
Columbia College,SC,Private,Southeast,1378
Reinhardt University,GA,Private,Southeast,1381
Peirce College,PA,Private,Northeast,1381
Immaculata University,PA,Private,Northeast,1383
Nyack College,NY,Private,Northeast,1387
Southwestern University,TX,Private,West,1387
Peru State College,NE,Public,Midwest,1388
Alma College,MI,Private,Midwest,1392
Johnson C Smith University,NC,Private,Southeast,1392
The University of Montana-Western,MT,Public,West,1397
Thomas More College,KY,Private,Southeast,1399
Drew University,NJ,Private,Northeast,1404
Concordia University-Chicago,IL,Private,Midwest,1405
Simpson College,IA,Private,Midwest,1406
Rivier University,NH,Private,Northeast,1408
Universidad Central de Bayamon,PR,Private,Territory,1410
Dominican College of Blauvelt,NY,Private,Northeast,1413
Cedar Crest College,PA,Private,Northeast,1413
Kalamazoo College,MI,Private,Midwest,1415
Reed College,OR,Private,West,1415
Lane College,TN,Private,Southeast,1420
Harris-Stowe State University,MO,Public,Midwest,1423
Aquinas College,MI,Private,Midwest,1434
Florida Polytechnic University,FL,Public,Southeast,1438
Andrews University,MI,Private,Midwest,1439
Lubbock Christian University,TX,Private,West,1439
Randolph-Macon College,VA,Private,Southeast,1439
University of Dallas,TX,Private,West,1440
Centre College,KY,Private,Southeast,1441
Lawrence University,WI,Private,Midwest,1441
Grace College and Theological Seminary,IN,Private,Midwest,1447
Georgian Court University,NJ,Private,Northeast,1447
Washington College,MD,Private,Northeast,1449
Johnson & Wales University-North Miami,FL,Private,Southeast,1450
Ringling College of Art and Design,FL,Private,Southeast,1454
Baker University,KS,Private,Midwest,1465
Fisher College,MA,Private,Northeast,1466
Whitman College,WA,Private,West,1468
Saint Mary's University of Minnesota,MN,Private,Midwest,1471
California College of the Arts,CA,Private,West,1475
Medaille College,NY,Private,Northeast,1476
Colegio Universitario de San Juan,PR,Public,Territory,1480
Lake Forest College,IL,Private,Midwest,1483
Tusculum University,TN,Private,Southeast,1484
Ursinus College,PA,Private,Northeast,1485
Northern State University,SD,Public,Midwest,1488
Saint Mary's College,IN,Private,Midwest,1489
College of the Ozarks,MO,Private,Midwest,1491
Wartburg College,IA,Private,Midwest,1493
Saint Joseph's College of Maine,ME,Private,Northeast,1494
Chowan University,NC,Private,Southeast,1494
Marian University,WI,Private,Midwest,1495
Trinity Washington University,DC,Private,Northeast,1498
Notre Dame College,OH,Private,Midwest,1500
Belmont Abbey College,NC,Private,Southeast,1501
Mount Mercy University,IA,Private,Midwest,1502
Guilford College,NC,Private,Southeast,1502
Linfield College-McMinnville Campus,OR,Private,West,1503
Anderson University,IN,Private,Midwest,1506
Hillsdale College,MI,Private,Midwest,1511
Ouachita Baptist University,AR,Private,Southeast,1513
Miami University-Middletown,OH,Public,Midwest,1519
Southern Nazarene University,OK,Private,West,1520
Christian Brothers University,TN,Private,Southeast,1521
Edgewood College,WI,Private,Midwest,1521
University of Pittsburgh-Greensburg,PA,Public,Northeast,1521
Muskingum University,OH,Private,Midwest,1525
Goucher College,MD,Private,Northeast,1526
Cabrini University,PA,Private,Northeast,1536
Atlantic University College,PR,Private,Territory,1540
St. Mary's College of Maryland,MD,Public,Northeast,1544
Shaw University,NC,Private,Southeast,1545
Ohio Wesleyan University,OH,Private,Midwest,1549
University of Minnesota-Morris,MN,Public,Midwest,1554
Albion College,MI,Private,Midwest,1558
Mid-America Christian University,OK,Private,West,1561
McDaniel College,MD,Private,Northeast,1562
University of St Francis,IL,Private,Midwest,1563
Swarthmore College,PA,Private,Northeast,1565
Pomona College,CA,Private,West,1567
Gordon College,MA,Private,Northeast,1573
Lenoir-Rhyne University,NC,Private,Southeast,1573
St Bonaventure University,NY,Private,Northeast,1592
Texas A&M University-Texarkana,TX,Public,West,1593
Caldwell University,NJ,Private,Northeast,1596
Texas Tech University Health Sciences Center,TX,Public,West,1597
Queens University of Charlotte,NC,Private,Southeast,1602
John Brown University,AR,Private,Southeast,1606
Adrian College,MI,Private,Midwest,1609
Asbury University,KY,Private,Southeast,1610
Berea College,KY,Private,Southeast,1610
Walla Walla University,WA,Private,West,1610
Felician University,NJ,Private,Northeast,1616
Saint Vincent College,PA,Private,Northeast,1616
Alfred University,NY,Private,Northeast,1621
Oakwood University,AL,Private,Southeast,1623
Rockhurst University,MO,Private,Midwest,1623
Mount Vernon Nazarene University,OH,Private,Midwest,1623
Evangel University,MO,Private,Midwest,1627
Massachusetts Maritime Academy,MA,Public,Northeast,1627
Florida Institute of Technology-Online,FL,Private,Southeast,1629
Carson-Newman University,TN,Private,Southeast,1633
SUNY Maritime College,NY,Public,Northeast,1633
Meredith College,NC,Private,Southeast,1638
Keuka College,NY,Private,Northeast,1640
Montana Technological University,MT,Public,West,1640
Illinois Wesleyan University,IL,Private,Midwest,1642
Miles College,AL,Private,Southeast,1647
Elizabethtown College,PA,Private,Northeast,1647
Lancaster Bible College,PA,Private,Northeast,1647
Texas Wesleyan University,TX,Private,West,1656
Lebanon Valley College,PA,Private,Northeast,1658
Cumberland University,TN,Private,Southeast,1658
Seton Hill University,PA,Private,Northeast,1659
Grinnell College,IA,Private,Midwest,1660
Kenyon College,OH,Private,Midwest,1661
The University of the Arts,PA,Private,Northeast,1662
D'Youville College,NY,Private,Northeast,1664
Whittier College,CA,Private,West,1665
Hardin-Simmons University,TX,Private,West,1670
University of Connecticut-Stamford,CT,Public,Northeast,1670
Manhattanville College,NY,Private,Northeast,1674
Wofford College,SC,Private,Southeast,1675
College of Mount Saint Vincent,NY,Private,Northeast,1676
Saint Francis University,PA,Private,Northeast,1676
Granite State College,NH,Public,Northeast,1676
Wheaton College,MA,Private,Northeast,1678
Cornerstone University,MI,Private,Midwest,1681
The University of the South,TN,Private,Southeast,1683
Buena Vista University,IA,Private,Midwest,1692
Oklahoma City University,OK,Private,West,1692
Lasell College,MA,Private,Northeast,1696
Concordia University Texas,TX,Private,West,1703
Augustana University,SD,Private,Midwest,1704
Simmons University,MA,Private,Northeast,1708
Franklin Pierce University,NH,Private,Northeast,1710
Mississippi Valley State University,MS,Public,Southeast,1713
Saint Johns University,MN,Private,Midwest,1720
Brenau University,GA,Private,Southeast,1722
Virginia Military Institute,VA,Public,Southeast,1722
Southwestern Assemblies of God University,TX,Private,West,1730
Northwestern Oklahoma State University,OK,Public,West,1735
King University,TN,Private,Southeast,1736
University of Maine at Farmington,ME,Public,Northeast,1741
Maryland Institute College of Art,MD,Private,Northeast,1743
Nebraska Wesleyan University,NE,Private,Midwest,1748
Grand View University,IA,Private,Midwest,1753
Central Methodist University-College of Graduate and Extended Studies,MO,Private,Midwest,1756
Castleton University,VT,Public,Northeast,1757
National Louis University,IL,Private,Midwest,1758
Saint Michael's College,VT,Private,Northeast,1759
Western New Mexico University,NM,Public,West,1762
Wagner College,NY,Private,Northeast,1763
University of the Virgin Islands,VI,Public,Territory,1763
Allegheny College,PA,Private,Northeast,1764
University of St Thomas,TX,Private,West,1765
Connecticut College,CT,Private,Northeast,1766
Viterbo University,WI,Private,Midwest,1767
Daemen College,NY,Private,Northeast,1768
Mansfield University of Pennsylvania,PA,Public,Northeast,1770
Willamette University,OR,Private,West,1772
Central State University,OH,Public,Midwest,1772
Wittenberg University,OH,Private,Midwest,1780
Inter American University of Puerto Rico-Barranquitas,PR,Private,Territory,1784
Chaminade University of Honolulu,HI,Private,West,1785
Mount St. Mary's University,MD,Private,Northeast,1785
Bates College,ME,Private,Northeast,1787
Inter American University of Puerto Rico-Guayama,PR,Private,Territory,1789
SUNY College of Environmental Science and Forestry,NY,Public,Northeast,1790
University of Minnesota-Crookston,MN,Public,Midwest,1797
Becker College,MA,Private,Northeast,1800
Davidson College,NC,Private,Southeast,1800
LeTourneau University,TX,Private,West,1802
Pacific University,OR,Private,West,1809
University of Charleston,WV,Private,Southeast,1810
Bowdoin College,ME,Private,Northeast,1812
Massachusetts College of Art and Design,MA,Public,Northeast,1812
Northeastern University Lifelong Learning Network,MA,Private,Northeast,1814
Missouri Baptist University,MO,Private,Midwest,1819
New England College,NH,Private,Northeast,1819
Washington and Lee University,VA,Private,Southeast,1819
Concordia University-Irvine,CA,Private,West,1821
Lincoln Memorial University,TN,Private,Southeast,1821
Vanguard University of Southern California,CA,Private,West,1824
Benedictine College,KS,Private,Midwest,1826
University of Northwestern-St Paul,MN,Private,Midwest,1827
Concord University,WV,Public,Southeast,1830
Bloomfield College,NJ,Private,Northeast,1833
Amherst College,MA,Private,Northeast,1835
Spring Arbor University,MI,Private,Midwest,1835
Marywood University,PA,Private,Northeast,1835
Lakeland University,WI,Private,Midwest,1835
Eastern University,PA,Private,Northeast,1837
University of Saint Francis-Fort Wayne,IN,Private,Midwest,1840
Bard College,NY,Private,Northeast,1846
Emmanuel College,MA,Private,Northeast,1848
Kettering University,MI,Private,Midwest,1850
Oklahoma Baptist University,OK,Private,West,1852
CUNY Graduate School and University Center,NY,Public,Northeast,1854
Taylor University,IN,Private,Midwest,1858
New Mexico Highlands University,NM,Public,West,1858
Uta Mesivta of Kiryas Joel,NY,Private,Northeast,1864
University of South Florida-Sarasota-Manatee,FL,Public,Southeast,1868
Bridgewater College,VA,Private,Southeast,1874
Adams State University,CO,Public,West,1876
Millikin University,IL,Private,Midwest,1883
Oklahoma Christian University,OK,Private,West,1883
Hamilton College,NY,Private,Northeast,1885
Los Angeles Pacific University,CA,Private,West,1897
Western State Colorado University,CO,Public,West,1899
Southern University at New Orleans,LA,Public,Southeast,1899
Holy Family University,PA,Private,Northeast,1904
West Virginia State University,WV,Public,Southeast,1905
Methodist University,NC,Private,Southeast,1908
Delaware Valley University,PA,Private,Northeast,1908
Lake Superior State University,MI,Public,Midwest,1912
Chadron State College,NE,Public,Midwest,1916
Colby College,ME,Private,Northeast,1917
La Sierra University,CA,Private,West,1929
Walsh University,OH,Private,Midwest,1929
College of Saint Benedict,MN,Private,Midwest,1937
Trine University,IN,Private,Midwest,1939
Texas A & M University-Central Texas,TX,Public,West,1940
Bay Path University,MA,Private,Northeast,1944
United Talmudical Seminary,NY,Private,Northeast,1944
University of Dubuque,IA,Private,Midwest,1955
Saint Anselm College,NH,Private,Northeast,1956
Occidental College,CA,Private,West,1958
Lindsey Wilson College,KY,Private,Southeast,1958
Inter American University of Puerto Rico-Fajardo,PR,Private,Territory,1959
Berry College,GA,Private,Southeast,1963
The College of Wooster,OH,Private,Midwest,1970
Robert Morris University Illinois,IL,Private,Midwest,1971
Art Center College of Design,CA,Private,West,1974
Rhodes College,TN,Private,Southeast,1975
Rhode Island School of Design,RI,Private,Northeast,1976
University of Lynchburg,VA,Private,Southeast,1979
Concordia College at Moorhead,MN,Private,Midwest,1980
Gwynedd Mercy University,PA,Private,Northeast,1987
Claflin University,SC,Private,Southeast,1990
Roanoke College,VA,Private,Southeast,1990
Lincoln University,PA,Public,Northeast,1994
West Liberty University,WV,Public,Southeast,1994
Neumann University,PA,Private,Northeast,1997
Albright College,PA,Private,Northeast,1999
Westminster College,UT,Private,West,2002
Moravian College,PA,Private,Northeast,2007
Luther College,IA,Private,Midwest,2008
University of South Carolina-Beaufort,SC,Public,Southeast,2011
Langston University,OK,Public,West,2012
Eckerd College,FL,Private,Southeast,2018
North Park University,IL,Private,Midwest,2018
Lewis & Clark College,OR,Private,West,2021
Carleton College,MN,Private,Midwest,2023
Dakota State University,SD,Public,Midwest,2024
Chicago State University,IL,Public,Midwest,2025
Mount Saint Mary College,NY,Private,Northeast,2030
Williams College,MA,Private,Northeast,2033
Saint Norbert College,WI,Private,Midwest,2041
Lincoln University,MO,Public,Midwest,2045
University of Evansville,IN,Private,Midwest,2049
University of Mount Union,OH,Private,Midwest,2049
SUNY Polytechnic Institute,NY,Public,Northeast,2052
Shenandoah University,VA,Private,Southeast,2055
Assumption College,MA,Private,Northeast,2058
University of Mary,ND,Private,Midwest,2064
McKendree University,IL,Private,Midwest,2065
King's College,PA,Private,Northeast,2065
Franciscan University of Steubenville,OH,Private,Midwest,2071
Lesley University,MA,Private,Northeast,2074
University of the Cumberlands,KY,Private,Southeast,2085
William Carey University,MS,Private,Southeast,2086
North Carolina Wesleyan College,NC,Private,Southeast,2086
Benedict College,SC,Private,Southeast,2090
Colorado College,CO,Private,West,2091
Tiffin University,OH,Private,Midwest,2095
Union University,TN,Private,Southeast,2099
Everglades University,FL,Private,Southeast,2099
Misericordia University,PA,Private,Northeast,2100
University of West Alabama,AL,Public,Southeast,2106
Marymount Manhattan College,NY,Private,Northeast,2109
Ohio Northern University,OH,Private,Midwest,2111
Trevecca Nazarene University,TN,Private,Southeast,2112
Macalester College,MN,Private,Midwest,2116
Hamline University,MN,Private,Midwest,2132
Southwest Minnesota State University,MN,Public,Midwest,2133
Spelman College,GA,Private,Southeast,2134
DePauw University,IN,Private,Midwest,2137
Rose-Hulman Institute of Technology,IN,Private,Midwest,2146
Dominican University,IL,Private,Midwest,2155
Salve Regina University,RI,Private,Northeast,2160
Union College,NY,Private,Northeast,2167
North Greenville University,SC,Private,Southeast,2167
Gustavus Adolphus College,MN,Private,Midwest,2170
Marian University,IN,Private,Midwest,2173
Trinity College,CT,Private,Northeast,2174
Nazareth College,NY,Private,Northeast,2175
Lynn University,FL,Private,Southeast,2182
Mount Holyoke College,MA,Private,Northeast,2186
Siena Heights University,MI,Private,Midwest,2189
Lawrence Technological University,MI,Private,Midwest,2191
Morehouse College,GA,Private,Southeast,2199
Springfield College,MA,Private,Northeast,2204
Clark University,MA,Private,Northeast,2205
Sul Ross State University,TX,Public,West,2208
Gardner-Webb University,NC,Private,Southeast,2210
Hobart William Smith Colleges,NY,Private,Northeast,2220
Whitworth University,WA,Private,West,2227
Alvernia University,PA,Private,Northeast,2231
Arcadia University,PA,Private,Northeast,2233
Louisiana State University-Shreveport,LA,Public,Southeast,2237
Marymount University,VA,Private,Southeast,2241
University of Wisconsin-Superior,WI,Public,Midwest,2241
Southwest Baptist University,MO,Private,Midwest,2252
Xavier University of Louisiana,LA,Private,Southeast,2266
St Francis College,NY,Private,Northeast,2267
Franklin and Marshall College,PA,Private,Northeast,2269
SUNY College of Agriculture and Technology at Cobleskill,NY,Public,Northeast,2270
Faulkner University,AL,Private,Southeast,2272
Susquehanna University,PA,Private,Northeast,2283
Madonna University,MI,Private,Midwest,2291
DeSales University,PA,Private,Northeast,2291
South Dakota School of Mines and Technology,SD,Public,Midwest,2295
Houston Baptist University,TX,Private,West,2302
Mississippi University for Women,MS,Public,Southeast,2302
St. Mary's University,TX,Private,West,2310
Denison University,OH,Private,Midwest,2321
Vassar College,NY,Private,Northeast,2323
Canisius College,NY,Private,Northeast,2324
Grove City College,PA,Private,Northeast,2327
Muhlenberg College,PA,Private,Northeast,2329
University of Montevallo,AL,Public,Southeast,2329
Fort Valley State University,GA,Public,Southeast,2329
Dickinson College,PA,Private,Northeast,2339
Babson College,MA,Private,Northeast,2342
Georgia Southwestern State University,GA,Public,Southeast,2348
Saint Ambrose University,IA,Private,Midwest,2354
Wheaton College,IL,Private,Midwest,2356
University of New England,ME,Private,Northeast,2360
Delta State University,MS,Public,Southeast,2360
Campbellsville University,KY,Private,Southeast,2365
Otterbein University,OH,Private,Midwest,2367
St Lawrence University,NY,Private,Northeast,2373
Wellesley College,MA,Private,Northeast,2375
Wilkes University,PA,Private,Northeast,2379
Trinity University,TX,Private,West,2393
Augsburg University,MN,Private,Midwest,2405
Belhaven University,MS,Private,Southeast,2410
Gettysburg College,PA,Private,Northeast,2411
University of Puget Sound,WA,Private,West,2413
Mercyhurst University,PA,Private,Northeast,2448
Coppin State University,MD,Public,Northeast,2459
Minot State University,ND,Public,Midwest,2466
Bellarmine University,KY,Private,Southeast,2474
Palm Beach Atlantic University,FL,Private,Southeast,2475
Roosevelt University,IL,Private,Midwest,2485
Southern Adventist University,TN,Private,Southeast,2486
South Carolina State University,SC,Public,Southeast,2489
The College of Saint Rose,NY,Private,Northeast,2490
Limestone College,SC,Private,Southeast,2491
Stonehill College,MA,Private,Northeast,2494
University of Arkansas at Pine Bluff,AR,Public,Southeast,2510
Smith College,MA,Private,Northeast,2519
Eastern Oregon University,OR,Public,West,2526
Middlebury College,VT,Private,Northeast,2532
Loyola University New Orleans,LA,Private,Southeast,2534
Curry College,MA,Private,Northeast,2535
Barnard College,NY,Private,Northeast,2540
Miami University-Hamilton,OH,Public,Midwest,2545
Saint Peter's University,NJ,Private,Northeast,2547
Florida Southern College,FL,Private,Southeast,2561
Lafayette College,PA,Private,Northeast,2567
Capital University,OH,Private,Midwest,2573
Mount Saint Mary's University,CA,Private,West,2575
Concordia University-Saint Paul,MN,Private,Midwest,2575
Wingate University,NC,Private,Southeast,2586
Embry-Riddle Aeronautical University-Prescott,AZ,Private,West,2598
Milwaukee School of Engineering,WI,Private,Midwest,2605
Wayne State College,NE,Public,Midwest,2610
Rollins College,FL,Private,Southeast,2612
Gannon University,PA,Private,Northeast,2616
The College of Saint Scholastica,MN,Private,Midwest,2626
Beth Medrash Govoha,NJ,Private,Northeast,2629
Augustana College,IL,Private,Midwest,2634
Pennsylvania State University-Penn State Berks,PA,Public,Northeast,2635
The University of Findlay,OH,Private,Midwest,2637
Husson University,ME,Private,Northeast,2652
Skidmore College,NY,Private,Northeast,2659
Louisiana State University-Alexandria,LA,Public,Southeast,2662
University of North Texas at Dallas,TX,Public,West,2663
Jefferson (Philadelphia University + Thomas Jefferson University),PA,Private,Northeast,2669
Messiah College,PA,Private,Northeast,2670
Moody Bible Institute,IL,Private,Midwest,2671
Pacific Lutheran University,WA,Private,West,2672
Flagler College-St Augustine,FL,Private,Southeast,2674
University of Detroit Mercy,MI,Private,Midwest,2674
Le Moyne College,NY,Private,Northeast,2676
George Fox University,OR,Private,West,2678
Indiana Wesleyan University-Marion,IN,Private,Midwest,2685
North Central College,IL,Private,Midwest,2688
Yeshiva University,NY,Private,Northeast,2703
Lander University,SC,Public,Southeast,2722
Western New England University,MA,Private,Northeast,2723
Carthage College,WI,Private,Midwest,2723
Saint John Fisher College,NY,Private,Northeast,2724
Furman,SC,Private,Southeast,2728
Fairleigh Dickinson University-Florham Campus,NJ,Private,Northeast,2731
University of Florida-Online,FL,Public,Southeast,2735
Black Hills State University,SD,Public,Midwest,2736
Indiana University-Kokomo,IN,Public,Midwest,2746
University of Hawaii-West Oahu,HI,Public,West,2747
Saint Mary's College of California,CA,Private,West,2762
Illinois Institute of Technology,IL,Private,Midwest,2763
Anderson University,SC,Private,Southeast,2776
University of Pittsburgh-Johnstown,PA,Public,Northeast,2776
Bethel University,MN,Private,Midwest,2777
Elmhurst College,IL,Private,Midwest,2782
Fresno Pacific University,CA,Private,West,2791
University of Maryland Eastern Shore,MD,Public,Northeast,2799
Athens State University,AL,Public,Southeast,2801
Citadel Military College of South Carolina,SC,Public,Southeast,2814
College of the Holy Cross,MA,Private,Northeast,2827
Oberlin College,OH,Private,Midwest,2827
Jacksonville University,FL,Private,Southeast,2829
Henderson State University,AR,Public,Southeast,2829
Tuskegee University,AL,Private,Southeast,2833
University of Illinois at Springfield,IL,Public,Midwest,2833
Colgate University,NY,Private,Northeast,2854
Brigham Young University-Hawaii,HI,Private,West,2855
University of Hawaii at Hilo,HI,Public,West,2855
University of Baltimore,MD,Public,Northeast,2856
East Central University,OK,Public,West,2860
Benedictine University,IL,Private,Midwest,2864
Northwood University,MI,Private,Midwest,2880
Wesleyan University,CT,Private,Northeast,2887
School of the Art Institute of Chicago,IL,Private,Midwest,2889
Carroll University,WI,Private,Midwest,2895
Seattle Pacific University,WA,Private,West,2900
Niagara University,NY,Private,Northeast,2902
Saint Xavier University,IL,Private,Midwest,2927
Southeastern Oklahoma State University,OK,Public,West,2937
Lewis-Clark State College,ID,Public,West,2941
Webster University,MO,Private,Midwest,2954
Shepherd University,WV,Public,Southeast,2956
California Lutheran University,CA,Private,West,2959
Indiana University-East,IN,Public,Midwest,2969
Drury University,MO,Private,Midwest,2971
John Carroll University,OH,Private,Midwest,2972
Lipscomb University,TN,Private,Southeast,2973
Iona College,NY,Private,Northeast,2989
Clarkson University,NY,Private,Northeast,2991
St Olaf College,MN,Private,Midwest,3004
Hope College,MI,Private,Midwest,3029
University of South Carolina-Aiken,SC,Public,Southeast,3029
Stetson University,FL,Private,Southeast,3031
Charleston Southern University,SC,Private,Southeast,3034
St. Joseph's College-Long Island,NY,Private,Northeast,3037
Drake University,IA,Private,Midwest,3038
Mississippi College,MS,Private,Southeast,3041
University of Redlands,CA,Private,West,3042
Dallas Baptist University,TX,Private,West,3053
University of Mount Olive,NC,Private,Southeast,3061
SUNY College of Technology at Canton,NY,Public,Northeast,3067
Oral Roberts University,OK,Private,West,3068
Francis Marion University,SC,Public,Southeast,3079
Point Loma Nazarene University,CA,Private,West,3092
Shawnee State University,OH,Public,Midwest,3099
St Catherine University,MN,Private,Midwest,3100
Maryville University of Saint Louis,MO,Private,Midwest,3112
Stevens Institute of Technology,NJ,Private,Northeast,3114
University of Bridgeport,CT,Private,Northeast,3129
Baldwin Wallace University,OH,Private,Midwest,3131
Siena College,NY,Private,Northeast,3132
Cedarville University,OH,Private,Midwest,3132
Long Island University,NY,Private,Northeast,3133
Fort Lewis College,CO,Public,West,3150
University of Puerto Rico-Ponce,PR,Public,Territory,3150
Southern Arkansas University Main Campus,AR,Public,Southeast,3153
Norwich University,VT,Private,Northeast,3160
University of Richmond,VA,Private,Southeast,3165
Alcorn State University,MS,Public,Southeast,3172
Valparaiso University,IN,Private,Midwest,3186
Endicott College,MA,Private,Northeast,3197
Rogers State University,OK,Public,West,3216
Widener University,PA,Private,Northeast,3224
Hawaii Pacific University,HI,Private,West,3228
Point Park University,PA,Private,Northeast,3230
University of Maine at Augusta,ME,Public,Northeast,3244
University of Houston-Victoria,TX,Public,West,3261
University of Mary Hardin-Baylor,TX,Private,West,3275
Catholic University of America,DC,Private,Northeast,3284
Governors State University,IL,Public,Midwest,3288
SUNY College at Potsdam,NY,Public,Northeast,3296
Clark Atlanta University,GA,Private,Southeast,3302
University of Tulsa,OK,Private,West,3316
Olivet Nazarene University,IL,Private,Midwest,3356
Samford University,AL,Private,Southeast,3364
Stevenson University,MD,Private,Northeast,3375
University of Puerto Rico-Aguadilla,PR,Public,Territory,3385
Fairleigh Dickinson University-Metropolitan Campus,NJ,Private,Northeast,3391
Florida Institute of Technology,FL,Private,Southeast,3395
Merrimack College,MA,Private,Northeast,3404
Lock Haven University,PA,Public,Northeast,3425
Eastern New Mexico University-Main Campus,NM,Public,West,3431
Franklin University,OH,Private,Midwest,3433
Bryant University,RI,Private,Northeast,3449
Pennsylvania State University-Penn State Altoona,PA,Public,Northeast,3451
Barry University,FL,Private,Southeast,3459
Universidad Politecnica de Puerto Rico,PR,Private,Territory,3459
University of Puerto Rico-Cayey,PR,Public,Territory,3469
Ohio Christian University,OH,Private,Midwest,3471
Montana State University Billings,MT,Public,West,3478
Fairmont State University,WV,Public,Southeast,3488
University of North Carolina at Asheville,NC,Public,Southeast,3496
Emporia State University,KS,Public,Midwest,3499
Brandman University,CA,Private,West,3502
Molloy College,NY,Private,Northeast,3505
University of Puerto Rico-Carolina,PR,Public,Territory,3532
Concordia University-Wisconsin,WI,Private,Midwest,3533
University of Guam,GU,Public,Territory,3533
University of the Pacific,CA,Private,West,3542
Oregon Institute of Technology,OR,Public,West,3543
Wayland Baptist University,TX,Private,West,3549
Indiana University-Northwest,IN,Public,Midwest,3549
The Evergreen State College,WA,Public,West,3560
Arizona State University-West,AZ,Public,West,3563
Bucknell University,PA,Private,Northeast,3588
Pepperdine University,CA,Private,West,3594
Utica College,NY,Private,Northeast,3595
Pratt Institute-Main,NY,Private,Northeast,3602
University of the District of Columbia,DC,Public,Northeast,3606
New York Institute of Technology,NY,Private,Northeast,3619
Brandeis University,MA,Private,Northeast,3624
University of Puerto Rico-Humacao,PR,Public,Territory,3626
Nevada State College,NV,Public,West,3643
Abilene Christian University,TX,Private,West,3655
Calvin College,MI,Private,Midwest,3656
Ashland University,OH,Private,Midwest,3660
Manhattan College,NY,Private,Northeast,3664
Pennsylvania State University-Penn State Abington,PA,Public,Northeast,3674
Delaware State University,DE,Public,Northeast,3678
Keene State College,NH,Public,Northeast,3688
University of Scranton,PA,Private,Northeast,3695
La Salle University,PA,Private,Northeast,3708
The University of Texas of the Permian Basin,TX,Public,West,3730
Colorado State University-Pueblo,CO,Public,West,3744
LIU Brooklyn,NY,Private,Northeast,3748
University of Puerto Rico-Arecibo,PR,Public,Territory,3748
Champlain College,VT,Private,Northeast,3771
Hampton University,VA,Private,Southeast,3786
Cameron University,OK,Public,West,3793
Emerson College,MA,Private,Northeast,3799
MCPHS University,MA,Private,Northeast,3837
University of Portland,OR,Private,West,3851
Inter American University of Puerto Rico-Arecibo,PR,Private,Territory,3870
Loyola University Maryland,MD,Private,Northeast,3903
Bethune-Cookman University,FL,Private,Southeast,3905
Aurora University,IL,Private,Midwest,3912
Inter American University of Puerto Rico-Aguadilla,PR,Private,Territory,3915
Saint Edward's University,TX,Private,West,3930
Framingham State University,MA,Public,Northeast,3963
SUNY at Purchase College,NY,Public,Northeast,3968
Rice University,TX,Private,West,3970
Bethel University,TN,Private,Southeast,3975
Providence College,RI,Private,Northeast,4011
Regis University,CO,Private,West,4016
Fairfield University,CT,Private,Northeast,4023
Biola University,CA,Private,West,4039
Fitchburg State University,MA,Public,Northeast,4040
Rider University,NJ,Private,Northeast,4042
Inter American University of Puerto Rico-San German,PR,Private,Territory,4046
University of Wisconsin-Parkside,WI,Public,Midwest,4056
Upper Iowa University,IA,Private,Midwest,4058
Grambling State University,LA,Public,Southeast,4072
Plymouth State University,NH,Public,Northeast,4072
York College of Pennsylvania,PA,Private,Northeast,4079
Savannah State University,GA,Public,Southeast,4079
Regent University,VA,Private,Southeast,4087
Harding University,AR,Private,Southeast,4147
University of South Florida-St Petersburg,FL,Public,Southeast,4162
Missouri Western State University,MO,Public,Midwest,4171
Alabama State University,AL,Public,Southeast,4189
Butler University,IN,Private,Midwest,4197
Bentley University,MA,Private,Northeast,4203
Wentworth Institute of Technology,MA,Private,Northeast,4204
Auburn University at Montgomery,AL,Public,Southeast,4211
Creighton University,NE,Private,Midwest,4212
Robert Morris University,PA,Private,Northeast,4213
Clarion University of Pennsylvania,PA,Public,Northeast,4214
Pennsylvania State University-Penn State Harrisburg,PA,Public,Northeast,4223
Arizona State University-Polytechnic,AZ,Public,West,4224
Edinboro University of Pennsylvania,PA,Public,Northeast,4229
Longwood University,VA,Public,Southeast,4230
Lee University,TN,Private,Southeast,4265
Virginia State University,VA,Public,Southeast,4265
United States Air Force Academy,CO,Public,West,4276
Pennsylvania State University-Penn State Erie-Behrend College,PA,Public,Northeast,4283
Universidad del Sagrado Corazon,PR,Private,Territory,4294
Dartmouth College,NH,Private,Northeast,4315
Campbell University,NC,Private,Southeast,4328
Worcester Polytechnic Institute,MA,Private,Northeast,4337
Southwestern Oklahoma State University,OK,Public,West,4358
SUNY at Fredonia,NY,Public,Northeast,4366
University of Mary Washington,VA,Public,Southeast,4366
Lewis University,IL,Private,Midwest,4372
University of Indianapolis,IN,Private,Midwest,4384
Bemidji State University,MN,Public,Midwest,4399
Southern Oregon University,OR,Public,West,4399
High Point University,NC,Private,Southeast,4407
University of Washington-Tacoma Campus,WA,Public,West,4412
Nova Southeastern University,FL,Private,Southeast,4417
University of Nebraska at Kearney,NE,Public,Midwest,4440
Roger Williams University,RI,Private,Northeast,4476
SUNY College at Old Westbury,NY,Public,Northeast,4481
Frostburg State University,MD,Public,Northeast,4486
Inter American University of Puerto Rico-Bayamon,PR,Private,Territory,4488
Massachusetts Institute of Technology,MA,Private,Northeast,4489
United States Military Academy,NY,Public,Northeast,4491
United States Naval Academy,MD,Public,Northeast,4495
University of Puerto Rico-Bayamon,PR,Public,Territory,4531
Seattle University,WA,Private,West,4547
Winston-Salem State University,NC,Public,Southeast,4570
Xavier University,OH,Private,Midwest,4571
Norfolk State University,VA,Public,Southeast,4641
Bradley University,IL,Private,Midwest,4643
Eastern Connecticut State University,CT,Public,Northeast,4669
Monmouth University,NJ,Private,Northeast,4683
Inter American University of Puerto Rico-Ponce,PR,Private,Territory,4690
Mercer University,GA,Private,Southeast,4708
Winthrop University,SC,Public,Southeast,4710
Indiana University-Southeast,IN,Public,Midwest,4722
Western Oregon University,OR,Public,West,4747
Colorado School of Mines,CO,Public,West,4751
Dalton State College,GA,Public,Southeast,4756
Southeastern University,FL,Private,Southeast,4786
Indiana University-South Bend,IN,Public,Midwest,4790
Fayetteville State University,NC,Public,Southeast,4817
Alabama A & M University,AL,Public,Southeast,4824
Minnesota State University Moorhead,MN,Public,Midwest,4834
University of Hartford,CT,Private,Northeast,4835
Eastern Illinois University,IL,Public,Midwest,4877
Western Connecticut State University,CT,Public,Northeast,4890
University of Alaska Fairbanks,AK,Public,West,4910
Colorado Christian University,CO,Private,West,4918
Washburn University,KS,Public,Midwest,4926
Christopher Newport University,VA,Public,Southeast,4950
Suffolk University,MA,Private,Northeast,4952
Augusta University,GA,Public,Southeast,4978
Case Western Reserve University,OH,Private,Midwest,5020
Davenport University,MI,Private,Midwest,5030
Worcester State University,MA,Public,Northeast,5035
Saint Joseph's University,PA,Private,Northeast,5040
Lehigh University,PA,Private,Northeast,5057
Northwest Missouri State University,MO,Public,Midwest,5065
Wake Forest University,NC,Private,Southeast,5101
Bowie State University,MD,Public,Northeast,5107
Gonzaga University,WA,Private,West,5119
University of La Verne,CA,Private,West,5120
Southern University and A & M College,LA,Public,Southeast,5137
University of New Haven,CT,Private,Northeast,5147
University of South Carolina-Upstate,SC,Public,Southeast,5149
Adelphi University,NY,Private,Northeast,5162
Pontifical Catholic University of Puerto Rico-Ponce,PR,Private,Territory,5239
Truman State University,MO,Public,Midwest,5241
Princeton University,NJ,Private,Northeast,5246
University of Southern Maine,ME,Public,Northeast,5248
SUNY College at Plattsburgh,NY,Public,Northeast,5272
University of North Carolina at Pembroke,NC,Public,Southeast,5308
Ramapo College of New Jersey,NJ,Public,Northeast,5314
Midwestern State University,TX,Public,West,5329
University of Washington-Bothell Campus,WA,Public,West,5329
Pittsburg State University,KS,Public,Midwest,5340
Rutgers University-Camden,NJ,Public,Northeast,5360
Westfield State University,MA,Public,Northeast,5375
Texas A&M University-San Antonio,TX,Public,West,5376
Nicholls State University,LA,Public,Southeast,5401
Marist College,NY,Private,Northeast,5404
Missouri Southern State University,MO,Public,Midwest,5426
California University of Pennsylvania,PA,Public,Northeast,5435
University of Arkansas-Fort Smith,AR,Public,Southeast,5455
Shippensburg University of Pennsylvania,PA,Public,Northeast,5464
Santa Clara University,CA,Private,West,5481
Tufts University,MA,Private,Northeast,5492
Sacred Heart University,CT,Private,Northeast,5496
University of Wisconsin-Green Bay,WI,Public,Midwest,5503
University of Wisconsin-River Falls,WI,Public,Midwest,5515
SUNY College at Geneseo,NY,Public,Northeast,5522
The University of Tennessee-Martin,TN,Public,Southeast,5522
Azusa Pacific University,CA,Private,West,5560
Johns Hopkins University,MD,Private,Northeast,5663
Bellevue University,NE,Private,Midwest,5665
University of Michigan-Flint,MI,Public,Midwest,5669
Touro College,NY,Private,Northeast,5670
University of San Diego,CA,Private,West,5677
Embry-Riddle Aeronautical University-Daytona Beach,FL,Private,Southeast,5689
Texas A & M University-Kingsville,TX,Public,West,5694
Seton Hall University,NJ,Private,Northeast,5717
Angelo State University,TX,Public,West,5726
Yale University,CT,Private,Northeast,5742
University of Denver,CO,Private,West,5753
Clayton  State University,GA,Public,Southeast,5754
University of North Alabama,AL,Public,Southeast,5771
University of Houston-Clear Lake,TX,Public,West,5781
University of the Incarnate Word,TX,Private,West,5807
Michigan Technological University,MI,Public,Midwest,5829
Georgia College & State University,GA,Public,Southeast,5857
University of New Orleans,LA,Public,Southeast,5917
SUNY Oneonta,NY,Public,Northeast,5923
Duquesne University,PA,Private,Northeast,5930
North Carolina Central University,NC,Public,Southeast,5939
McNeese State University,LA,Public,Southeast,5956
Armstrong State University,GA,Public,Southeast,5965
East Stroudsburg University of Pennsylvania,PA,Public,Northeast,5972
Ithaca College,NY,Private,Northeast,6021
Mercy College,NY,Private,Northeast,6029
Elon University,NC,Private,Southeast,6045
Inter American University of Puerto Rico-Metro,PR,Private,Territory,6060
University of St Thomas,MN,Private,Midwest,6085
University of Louisiana at Monroe,LA,Public,Southeast,6121
University of South Dakota,SD,Public,Midwest,6171
Berklee College of Music,MA,Private,Northeast,6197
College of William and Mary,VA,Public,Southeast,6243
Loyola Marymount University,CA,Private,West,6257
Howard University,DC,Private,Northeast,6276
University of Chicago,IL,Private,Midwest,6298
Rensselaer Polytechnic Institute,NY,Private,Northeast,6314
University of Rochester,NY,Private,Northeast,6320
SUNY Cortland,NY,Public,Northeast,6333
New Jersey City University,NJ,Public,Northeast,6359
Tennessee State University,TN,Public,Southeast,6380
Northeastern State University,OK,Public,West,6401
Morehead State University,KY,Public,Southeast,6410
Morgan State University,MD,Public,Northeast,6426
Southern Methodist University,TX,Private,West,6427
Carnegie Mellon University,PA,Private,Northeast,6434
Belmont University,TN,Private,Southeast,6443
Jackson State University,MS,Public,Southeast,6467
Columbus State University,GA,Public,Southeast,6474
Indiana Wesleyan University-National & Global,IN,Private,Midwest,6549
Duke University,NC,Private,Southeast,6552
California State University-Monterey Bay,CA,Public,West,6557
University of Massachusetts-Dartmouth,MA,Public,Northeast,6559
Middle Georgia State University,GA,Public,Southeast,6609
Millersville University of Pennsylvania,PA,Public,Northeast,6613
State University of New York at New Paltz,NY,Public,Northeast,6616
Jacksonville State University,AL,Public,Southeast,6622
Northern Michigan University,MI,Public,Midwest,6635
Brown University,RI,Private,Northeast,6670
University of Arkansas at Little Rock,AR,Public,Southeast,6677
The University of Texas at Tyler,TX,Public,West,6699
Chapman University,CA,Private,West,6740
Emory University,GA,Private,Southeast,6776
Salem State University,MA,Public,Northeast,6776
Texas A & M International University,TX,Public,West,6780
Hofstra University,NY,Private,Northeast,6783
University of San Francisco,CA,Private,West,6796
Lindenwood University,MO,Private,Midwest,6807
Southern Utah University,UT,Public,West,6849
The College of New Jersey,NJ,Public,Northeast,6850
Vanderbilt University,TN,Private,Southeast,6856
Missouri University of Science and Technology,MO,Public,Midwest,6872
Villanova University,PA,Private,Northeast,6886
Indiana Institute of Technology,IN,Private,Midwest,6899
Rhode Island College,RI,Public,Northeast,6900
University of Alabama in Huntsville,AL,Public,Southeast,6917
Columbia College Chicago,IL,Private,Midwest,6934
University of Michigan-Dearborn,MI,Public,Midwest,6961
The New School,NY,Private,Northeast,6982
Northeastern Illinois University,IL,Public,Midwest,7014
California State University-Channel Islands,CA,Public,West,7047
Stanford University,CA,Private,West,7056
CUNY York College,NY,Public,Northeast,7058
Metropolitan State University,MN,Public,Midwest,7080
SUNY College at Oswego,NY,Public,Northeast,7090
Georgetown University,DC,Private,Northeast,7128
SUNY College at Brockport,NY,Public,Northeast,7134
Saint Louis University,MO,Private,Midwest,7209
Murray State University,KY,Public,Southeast,7218
Quinnipiac University,CT,Private,Northeast,7249
Washington University in St Louis,MO,Private,Midwest,7253
Winona State University,MN,Public,Midwest,7308
National University,CA,Private,West,7360
University of Missouri-St Louis,MO,Public,Midwest,7362
University of California-Merced,CA,Public,West,7375
West Texas A & M University,TX,Public,West,7383
California Baptist University,CA,Private,West,7397
American University,DC,Private,Northeast,7433
Kutztown University of Pennsylvania,PA,Public,Northeast,7443
New Jersey Institute of Technology,NJ,Public,Northeast,7489
University of Wisconsin-Platteville,WI,Public,Midwest,7496
Saginaw Valley State University,MI,Public,Midwest,7498
Johnson & Wales University-Providence,RI,Private,Northeast,7500
Harvard University,MA,Private,Northeast,7532
Slippery Rock University of Pennsylvania,PA,Public,Northeast,7539
Florida Agricultural and Mechanical University,FL,Public,Southeast,7552
Salisbury University,MD,Public,Northeast,7552
University of Southern Indiana,IN,Public,Midwest,7554
Western Illinois University,IL,Public,Midwest,7599
University of Idaho,ID,Public,West,7685
Southern Connecticut State University,CT,Public,Northeast,7703
Purdue University Fort Wayne,IN,Public,Midwest,7708
University of Wisconsin-Stevens Point,WI,Public,Midwest,7768
Humboldt State University,CA,Public,West,7846
University of Missouri-Kansas City,MO,Public,Midwest,7854
Tulane University of Louisiana,LA,Private,Southeast,7871
Idaho State University,ID,Public,West,7921
University of Wisconsin-Stout,WI,Public,Midwest,7955
The University of Tampa,FL,Private,Southeast,7956
Texas Southern University,TX,Public,West,7967
Prairie View A & M University,TX,Public,West,7975
Northwestern State University of Louisiana,LA,Public,Southeast,7994
Colorado State University-Global Campus,CO,Public,West,8035
Marquette University,WI,Private,Midwest,8093
Pennsylvania State University-World Campus,PA,Public,Northeast,8108
Rutgers University-Newark,NJ,Public,Northeast,8122
Columbia University in the City of New York,NY,Private,Northeast,8170
Stockton University,NJ,Public,Northeast,8242
Arkansas Tech University,AR,Public,Southeast,8247
Bloomsburg University of Pennsylvania,PA,Public,Northeast,8276
Louisiana Tech University,LA,Public,Southeast,8277
Wilmington University,DE,Private,Northeast,8346
Radford University,VA,Public,Southeast,8376
SUNY Buffalo State,NY,Public,Northeast,8395
University of Dayton,OH,Private,Midwest,8422
Pace University,NY,Private,Northeast,8456
Texas A & M University-Commerce,TX,Public,West,8473
Northwestern University,IL,Private,Midwest,8489
Colorado Mesa University,CO,Public,West,8494
University of Notre Dame,IN,Private,Midwest,8527
Marshall University,WV,Public,Southeast,8554
Valdosta State University,GA,Public,Southeast,8557
University of Central Missouri,MO,Public,Midwest,8589
SUNY Empire State College,NY,Public,Northeast,8622
Sonoma State University,CA,Public,West,8633
Purdue University Northwest,IN,Public,Midwest,8665
California State University-Bakersfield,CA,Public,West,8705
William Paterson University of New Jersey,NJ,Public,Northeast,8710
University of Maine,ME,Public,Northeast,8836
Arkansas State University-Main Campus,AR,Public,Southeast,8856
Arizona State University-Downtown Phoenix,AZ,Public,West,8898
Southeast Missouri State University,MO,Public,Midwest,8910
Lamar University,TX,Public,West,8928
The University of Montana,MT,Public,West,8958
Texas Christian University,TX,Private,West,8983
Farmingdale State College,NY,Public,Northeast,9005
University of Central Arkansas,AR,Public,Southeast,9034
California State University-Stanislaus,CA,Public,West,9054
Tennessee Technological University,TN,Public,Southeast,9084
Austin Peay State University,TN,Public,Southeast,9090
University of Northern Colorado,CO,Public,West,9104
University of Wisconsin-Oshkosh,WI,Public,Midwest,9162
University of Minnesota-Duluth,MN,Public,Midwest,9199
Western Carolina University,NC,Public,Southeast,9234
Central Connecticut State University,CT,Public,Northeast,9317
Bridgewater State University,MA,Public,Northeast,9390
Fordham University,NY,Private,Northeast,9403
Saint Leo University,FL,Private,Southeast,9404
Texas Woman's University,TX,Public,West,9417
University of Wisconsin-La Crosse,WI,Public,Midwest,9436
Park University,MO,Private,Midwest,9442
Coastal Carolina University,SC,Public,Southeast,9546
College of Charleston,SC,Public,Southeast,9599
The University of West Florida,FL,Public,Southeast,9602
University of Wyoming,WY,Public,West,9623
Boston College,MA,Private,Northeast,9636
Saint Cloud State University,MN,Public,Midwest,9676
University of Northern Iowa,IA,Public,Midwest,9686
South Dakota State University,SD,Public,Midwest,9704
Indiana University of Pennsylvania-Main Campus,PA,Public,Northeast,9965
North Carolina A & T State University,NC,Public,Southeast,10011
Youngstown State University,OH,Public,Midwest,10039
University of Wisconsin-Eau Claire,WI,Public,Midwest,10070
The University of Tennessee-Chattanooga,TN,Public,Southeast,10097
Universidad Ana G. Mendez-Carolina Campus,PR,Private,Territory,10140
Texas A & M University-Corpus Christi,TX,Public,West,10170
Embry-Riddle Aeronautical University-Worldwide,FL,Private,Southeast,10256
University of Colorado Colorado Springs,CO,Public,West,10344
University of North Dakota,ND,Public,Midwest,10351
University of West Georgia,GA,Public,Southeast,10468
Eastern Washington University,WA,Public,West,10500
University of Vermont,VT,Public,Northeast,10513
University of Wisconsin-Whitewater,WI,Public,Midwest,10543
Savannah College of Art and Design,GA,Private,Southeast,10568
University of Miami,FL,Private,Southeast,10613
Universidad Ana G. Mendez-Cupey Campus,PR,Private,Territory,10617
Stephen F Austin State University,TX,Public,West,10655
University of Pennsylvania,PA,Private,Northeast,10660
University of South Alabama,AL,Public,Southeast,10712
Northern Kentucky University,KY,Public,Southeast,10728
Thomas Edison State University,NJ,Public,Northeast,10787
Indiana State University,IN,Public,Midwest,10817
East Tennessee State University,TN,Public,Southeast,10881
Southern Illinois University-Carbondale,IL,Public,Midwest,10896
Southeastern Louisiana University,LA,Public,Southeast,10929
CUNY Lehman College,NY,Public,Northeast,10949
Wichita State University,KS,Public,Midwest,10970
University of Maryland-Baltimore County,MD,Public,Northeast,11130
New Mexico State University-Main Campus,NM,Public,West,11173
Loyola University Chicago,IL,Private,Midwest,11193
Wright State University-Main Campus,OH,Public,Midwest,11251
Tarleton State University,TX,Public,West,11283
University of Alaska Anchorage,AK,Public,West,11332
Southern Illinois University-Edwardsville,IL,Public,Midwest,11339
Central Washington University,WA,Public,West,11468
University of Colorado Denver/Anschutz Medical Campus,CO,Public,West,11531
Ferris State University,MI,Public,Midwest,11549
Georgia Gwinnett College,GA,Public,Southeast,11584
Cleveland State University,OH,Public,Midwest,11647
North Dakota State University-Main Campus,ND,Public,Midwest,11687
George Washington University,DC,Private,Northeast,11718
University of Southern Mississippi,MS,Public,Southeast,11747
St John's University-New York,NY,Private,Northeast,11756
Kean University,NJ,Public,Northeast,11761
University of Puerto Rico-Rio Piedras,PR,Public,Territory,11763
Minnesota State University-Mankato,MN,Public,Midwest,11966
Columbia College,MO,Private,Midwest,11975
College of Staten Island CUNY,NY,Public,Northeast,12118
University of Massachusetts-Boston,MA,Public,Northeast,12159
Fort Hays State University,KS,Public,Midwest,12174
University of Puerto Rico-Mayaguez,PR,Public,Territory,12208
University of Houston-Downtown,TX,Public,West,12310
University of Nebraska at Omaha,NE,Public,Midwest,12424
CUNY John Jay College of Criminal Justice,NY,Public,Northeast,12426
CUNY City College,NY,Public,Northeast,12480
University of Hawaii at Manoa,HI,Public,West,12583
Eastern Kentucky University,KY,Public,Southeast,12750
University of New Hampshire-Main Campus,NH,Public,Northeast,12847
Rochester Institute of Technology,NY,Private,Northeast,12858
University of Alabama at Birmingham,AL,Public,Southeast,12866
California State University-Dominguez Hills,CA,Public,West,13258
University of Massachusetts-Lowell,MA,Public,Northeast,13284
SUNY at Albany,NY,Public,Northeast,13320
Northern Illinois University,IL,Public,Midwest,13430
California State University-East Bay,CA,Public,West,13433
Troy University,AL,Public,Southeast,13634
Florida Gulf Coast University,FL,Public,Southeast,13636
Northeastern University,MA,Private,Northeast,13666
Binghamton University,NY,Public,Northeast,13702
CUNY Brooklyn College,NY,Public,Northeast,13712
Bowling Green State University-Main Campus,OH,Public,Midwest,13790
University of North Florida,FL,Public,Southeast,13962
University of Rhode Island,RI,Public,Northeast,14008
Universidad Ana G. Mendez-Gurabo Campus,PR,Private,Territory,14061
University of North Carolina Wilmington,NC,Public,Southeast,14183
West Chester University of Pennsylvania,PA,Public,Northeast,14223
University of Central Oklahoma,OK,Public,West,14267
Baylor University,TX,Private,West,14284
Montana State University,MT,Public,West,14383
California State University-San Marcos,CA,Public,West,14516
Western Kentucky University,KY,Public,Southeast,14529
University of Louisville,KY,Public,Southeast,14550
DePaul University,IL,Private,Midwest,14591
University of Louisiana at Lafayette,LA,Public,Southeast,14753
Syracuse University,NY,Private,Northeast,14788
Georgia Institute of Technology-Main Campus,GA,Public,Southeast,14810
Cornell University,NY,Private,Northeast,14815
Western Washington University,WA,Public,West,14876
CUNY Bernard M Baruch College,NY,Public,Northeast,14903
University of Akron Main Campus,OH,Public,Midwest,15047
Rowan University,NJ,Public,Northeast,15089
University of Toledo,OH,Public,Midwest,15109
Drexel University,PA,Private,Northeast,15335
Oakland University,MI,Public,Midwest,15562
CUNY Queens College,NY,Public,Northeast,15762
CUNY Hunter College,NY,Public,Northeast,15820
University of Memphis,TN,Public,Southeast,15901
University of North Carolina at Greensboro,NC,Public,Southeast,15988
University of Virginia-Main Campus,VA,Public,Southeast,16207
Boise State University,ID,Public,West,16265
Ball State University,IN,Public,Midwest,16277
Eastern Michigan University,MI,Public,Midwest,16536
California State University-Chico,CA,Public,West,16546
Montclair State University,NJ,Public,Northeast,16673
Boston University,MA,Private,Northeast,16716
Wayne State University,MI,Public,Midwest,16768
Miami University-Oxford,OH,Public,Midwest,16816
Appalachian State University,NC,Public,Southeast,16888
Weber State University,UT,Public,West,16947
Georgia Southern University,GA,Public,Southeast,17062
University of North Georgia,GA,Public,Southeast,17067
Stony Brook University,NY,Public,Northeast,17215
Missouri State University-Springfield,MO,Public,Midwest,17371
Central Michigan University,MI,Public,Midwest,17489
University of California-Santa Cruz,CA,Public,West,17577
Western Michigan University,MI,Public,Midwest,17704
Mississippi State University,MS,Public,Southeast,17723
University of Nevada-Reno,NV,Public,West,17930
California State University-San Bernardino,CA,Public,West,18088
Kansas State University,KS,Public,Midwest,18171
Illinois State University,IL,Public,Midwest,18264
The University of Texas at Dallas,TX,Public,West,18375
Sam Houston State University,TX,Public,West,18416
University of Mississippi,MS,Public,Southeast,18537
Portland State University,OR,Public,West,18585
Middle Tennessee State University,TN,Public,Southeast,18600
University of North Carolina at Chapel Hill,NC,Public,Southeast,18658
University of Kansas,KS,Public,Midwest,18903
University of New Mexico-Main Campus,NM,Public,West,18912
University of Connecticut,CT,Public,Northeast,18930
University of Southern California,CA,Private,West,18942
University of Delaware,DE,Public,Northeast,18948
Metropolitan State University of Denver,CO,Public,West,18968
University of Illinois at Chicago,IL,Public,Midwest,19106
University of Pittsburgh-Pittsburgh Campus,PA,Public,Northeast,19134
University of Oregon,OR,Public,West,19163
Clemson University,SC,Public,Southeast,19172
Old Dominion University,VA,Public,Southeast,19364
Towson University,MD,Public,Northeast,19367
University of Wisconsin-Milwaukee,WI,Public,Midwest,19436
James Madison University,VA,Public,Southeast,19666
University of California-Riverside,CA,Public,West,20044
University at Buffalo,NY,Public,Northeast,20735
Oklahoma State University-Main Campus,OK,Public,West,20743
Indiana University-Purdue University-Indianapolis,IN,Public,Midwest,20870
University of Nebraska-Lincoln,NE,Public,Midwest,20954
The University of Texas at El Paso,TX,Public,West,21216
California Polytechnic State University-San Luis Obispo,CA,Public,West,21303
Utah State University,UT,Public,West,21473
University of Oklahoma-Norman Campus,OK,Public,West,21536
West Virginia University,WV,Public,Southeast,21703
Grand Valley State University,MI,Public,Midwest,21837
California State University-Fresno,CA,Public,West,21877
University of Kentucky,KY,Public,Southeast,22078
The University of Tennessee-Knoxville,TN,Public,Southeast,22151
University of California-Santa Barbara,CA,Public,West,22181
Virginia Commonwealth University,VA,Public,Southeast,22393
Kent State University at Kent,OH,Public,Midwest,22403
East Carolina University,NC,Public,Southeast,22598
University of Arkansas,AR,Public,Southeast,22763
North Carolina State University at Raleigh,NC,Public,Southeast,22801
Ohio University-Main Campus,OH,Public,Midwest,22936
University of Massachusetts-Amherst,MA,Public,Northeast,23010
Louisiana State University and Agricultural & Mechanical College,LA,Public,Southeast,23331
University of Iowa,IA,Public,Midwest,23349
Auburn University,AL,Public,Southeast,23391
University of Utah,UT,Public,West,23402
University of Missouri-Columbia,MO,Public,Midwest,23455
University of North Carolina at Charlotte,NC,Public,Southeast,23622
Florida Atlantic University,FL,Public,Southeast,23748
Colorado State University-Fort Collins,CO,Public,West,23804
The University of Texas Rio Grande Valley,TX,Public,West,24142
California State Polytechnic University-Pomona,CA,Public,West,24205
Arizona State University-Skysong,AZ,Public,West,24244
George Mason University,VA,Public,Southeast,24395
California State University-Los Angeles,CA,Public,West,24780
University of Nevada-Las Vegas,NV,Public,West,24783
Washington State University,WA,Public,West,24797
Oregon State University,OR,Public,West,24921
Georgia State University,GA,Public,Southeast,25031
University of Cincinnati-Main Campus,OH,Public,Midwest,25523
University of South Carolina-Columbia,SC,Public,Southeast,25550
The University of Texas at San Antonio,TX,Public,West,25709
San Francisco State University,CA,Public,West,25966
New York University,NY,Private,Northeast,26055
Northern Arizona University,AZ,Public,West,26974
Virginia Polytechnic Institute and State University,VA,Public,Southeast,27120
Utah Valley University,UT,Public,West,27428
San Jose State University,CA,Public,West,27591
California State University-Sacramento,CA,Public,West,28410
University of Colorado Boulder,CO,Public,West,28565
University of California-San Diego,CA,Public,West,28577
University of Georgia,GA,Public,Southeast,28740
Temple University,PA,Public,Northeast,29037
University of Maryland-College Park,MD,Public,Northeast,29273
University of California-Irvine,CA,Public,West,29295
University of Michigan-Ann Arbor,MI,Public,Midwest,29550
San Diego State University,CA,Public,West,29781
University of Wisconsin-Madison,WI,Public,Midwest,29930
University of California-Davis,CA,Public,West,30046
Iowa State University,IA,Public,Midwest,30116
University of Washington-Seattle Campus,WA,Public,West,30295
Texas Tech University,TX,Public,West,30330
University of California-Berkeley,CA,Public,West,30574
University of South Florida-Main Campus,FL,Public,Southeast,30918
University of California-Los Angeles,CA,Public,West,30994
Excelsior College,NY,Private,Northeast,31039
Brigham Young University-Provo,UT,Private,West,31233
California State University-Long Beach,CA,Public,West,31402
University of North Texas,TX,Public,West,31448
University of Minnesota-Twin Cities,MN,Public,Midwest,31535
Purdue University-Main Campus,IN,Public,Midwest,31887
Kennesaw State University,GA,Public,Southeast,32309
The University of Alabama,AL,Public,Southeast,32387
Florida State University,FL,Public,Southeast,32614
University of Illinois at Urbana-Champaign,IL,Public,Midwest,32884
The University of Texas at Arlington,TX,Public,West,32955
Indiana University-Bloomington,IN,Public,Midwest,33104
University of Arizona,AZ,Public,West,33428
University of Florida,FL,Public,Southeast,33655
Texas State University,TX,Public,West,34180
Brigham Young University-Idaho,ID,Private,West,35038
California State University-Fullerton,CA,Public,West,35045
Rutgers University-New Brunswick,NJ,Public,Northeast,35296
California State University-Northridge,CA,Public,West,35620
University of Houston,TX,Public,West,35985
Michigan State University,MI,Public,Midwest,38770
The University of Texas at Austin,TX,Public,West,39965
Pennsylvania State University-Main Campus,PA,Public,Northeast,40553
Florida International University,FL,Public,Southeast,41834
Arizona State University-Tempe,AZ,Public,West,42181
University of Maryland-University College,MD,Public,Northeast,42289
Ohio State University-Main Campus,OH,Public,Midwest,44853
Liberty University,VA,Private,Southeast,45364
Texas A & M University-College Station,TX,Public,West,52568
University of Central Florida,FL,Public,Southeast,56366
Southern New Hampshire University,NH,Private,Northeast,68214
Western Governors University,UT,Private,West,72385